"","black","khaki","green","beige","blue","ivory","grey","navy","white","orange","red","oatmeal","olive","mustard","ashgrey","yellow","charcoal"
"1","이스트 페스토블랙 yeast pesto_black","스몰 아리엘 트라우트 피싱 백 카키","베츠 럭비 카라 배색 롱슬리브 그린","nylon cargo balloon pants _ beige","와플 데님 셔츠 자켓_블루(ng2csuj240a)","feather bracelet (ivory)","m65 blouson jacket dark grey","투웨이 스트라이프 럭비 카라티셔츠_네이비","이스트 yeast crumb white_crust","daypack 25l orange","남성 레드포드 6인치 부츠 초콜릿브라운_tb0a2gmyf131","vtg nsc logo sweatshirts oatmeal","nyco hooded m51 fishtail parka _ olive","오버핏 스트라이프 럭비 니트_mustard","메신저백 messenger bag - ys2068ag 에쉬그레이","보일드 울 태슬 머플러 (옐로우)","패디드 버킷 햇 - 차콜 / fw21-05-03a"
"2","balmacaan hunting coat _ black watch","유스 와이드 카고팬츠 4종 카키 yhlp2159","스키퍼 hunting green","메모리얼 크로스백 (베이지)","스키퍼 navy blue","워시드 퍼티그 벌룬 코튼 팬츠 mpt108 [ivory]","[22ss] 뉴필드 후드 회색 smhd4457","스키퍼 navy blue","dsn-logo tee white","s.s.g watch cap (pumpkin orange)","levi s® red 엔지니어 코트_a2691-0000","vtg us army sweatshirts oatmeal","nature logo ball cap _ olive stripe","damp check muffler_black/mustard",NA,"남자 팀버랜드 프리미엄 추카 부츠 - 옐로우 / 23061-231","피싱 햇 (차콜)"
"3","스몰 하트 루즈핏 베스트 [블랙]","스몰 아리엘 트라우트 피싱 백 카키","22ss utility mountain jacket olive green","steady balloon snap pants beige","athletic track jacket pigeon blue","[스탠다드]one tuck curved jean_ivory","ma-1 blouson jacket grey","베츠 럭비 카라 배색 롱슬리브 네이비","nbpfcs179l / mt410kf5 (white)","hooded fishing parka orange","levi s® red 루즈 테이퍼 트라우저_a2696-0001","라이프 1936 스웨트셔츠 맨투맨_오트밀","mold cap / vntg / olive","유니섹스 스니커즈 나이브라인 ｜ sol (머스타드)",NA,"coolmax stickcap mustard yellow",NA
"4","와플 워싱 데님_블랙(ng2csud110a)","와이드 절개 벌룬팬츠 코튼 카키","22ss raf mk3 jacket l green","와샤 나일론 베리어스 백-더스트 베이지","셔링 셔츠 옥스퍼드 블루 스트라이프","feather bracelet (ivory)","m65 wind breaker khaki grey","basic sweatshirts navy","이스트 yeast crumb white_crust","오버핏 포켓 체크셔츠 오렌지","오버핏 프리크 체크 셔츠-레드","vtg us army sweatshirts oatmeal","over fatigue hat olive","coolmax stickcap mustard yellow",NA,NA,NA
"5","시그니처 아가일 니트 베스트 (블랙)","nylon ripstop bdu pant khaki","오리지날 플러스 홀리데이 _ 다크 그린","블럭 라인 셔츠_베이지","노맨틱 로얄 체크 와이드 머플러 틸 블루","cozy henlyneck long sleeve [ivory]","classic logo heavy sweat shirt_melange grey","2턱 와이드 팬츠 네이비","코튼 니트 폴로 셔츠 off white","nylon hiking cap dark orange","alpaca 2pocket heavy short coat [red brown]","baseball sweatshirt (oatmeal)","m65 blouson jacket olive (heritage ver.)",NA,NA,NA,NA
"6","120 cavalry (black) sanforized","스몰 아리엘 트라우트 피싱 백 카키","2way pouch bag green","스몰 러너스백 (베이지)","applique r symbol ball cap [indigo blue]","핀더 와이드 코듀로이 셔츠 아이보리 / gmcjk04-1791fw21","heritage heavy weight half zip sweat grey","vtg navy sports arch logo sweatshirts 1% melange","heavy weight pique polo shirts white","tartan check fringe scarf (orange)","슈트릭바렌 오리지널 와치캡 와파거 레드","1960 sweatshirts oatmeal","벌룬 팬츠 올리브",NA,NA,NA,NA
"7","몬테나 블랙 안경 glasses","스몰 아리엘 트라우트 피싱 백 카키","왁스캔버스 헌터그린 브리프케이스 (올리브 왁스)","le09fbe (beige) mail 메신져백 베이지","비니 navy blue","[코듀로이]헤비 s85 아이보리","monster parka grey","m2064 울 라운드넥 가디건 (네이비)","eg relaxed shirts white","오버핏 포켓 체크셔츠 오렌지","크러스트 crust wood_redbean","basic sweatshirts oatmeal","[men] 코만도 첼시 부츠 - 다크올리브 mfs9016rmadov",NA,NA,NA,NA
"8","1461 3홀 블랙 스무스 / 11838002","lite balloon pants khaki","스트링 카고 팬츠[그린]","헤비웨이트 오버사이즈 옥스포드 셔츠 [라이트 베이지]","컨템포러리 크롭 데님 자켓 블루","fleece belted ivory beret 후리스 베레모","pl tweed hunting cap (slate grey)","라지 아리엘 트라우트 피싱 백 네이비","eg relaxed shirts white","밀리터리 스탠다드 코듀로이 _ 러스트 오렌지","슈 블랙브레드 choux black_bread","u.o.h.t s/s tee oatmeal","루즈테이퍼드 팬츠 olive",NA,NA,NA,NA
"9","ray yacht parka black","cotton balloon pants khaki","karakoram goose down parka_olive green","new 베이직 코튼 뉴스보이캡 베이지","us pullover s/s shirts light blue","a.p 치노 팬츠 아이보리","wide officer pants grey olive","리버시블 트래블러 패딩 네이비 fpj205","스타마스터 코듀로이 white/beige","new stickcap color mix orange mix",NA,NA,"왁스캔버스 카키 브리프케이스 (올리브 왁스)",NA,NA,NA,NA
"10","black fives black generic 47 clean up","왁스캔버스 카키 브리프케이스 (올리브 왁스)","캔버스 스니커즈 - 다크그린","new balloon snap pants for fw beige","line s/s crew neck tee g.blue","canvas bag ivory","tar (compact) 48 - warm grey","리버시블 트래블러 패딩 네이비 fpj205","숏 머플러 off white","corduroy varsity jacket _ dark orange",NA,NA,"m65 blouson jacket olive (heritage ver.)",NA,NA,NA,NA
"11","new stickcap black","steady balloon snap pants khaki","leaguer check half shirts (eve.green)","코튼 마운틴 자켓 베이지",NA,"스퀘어 미니 숄더 크로스백 (아이보리)","pl tweed hunting cap (slate grey)","patch stripe boat neck 002 _ navy","스쿼시 sl white","new stickcap color mix orange mix",NA,NA,"22ss utility mountain jacket olive green",NA,NA,NA,NA
"12","22ss utility mountain jacket black","3pocket helmet bag - khaki (j13phbkk)","더블 트위치로고 2pk 반팔셔츠 세이지 그린","oversized cotton nylon pants [beige]",NA,"프리모 쁘띠 캔버스 토트백 아이보리 브라운","ecwcs level 7 parka grey olive","os logo rugby tee_navy","unisex short collar shirts white","tmr o.t 맨투맨 [다크오렌지]",NA,NA,"왁스캔버스 카키 브리프케이스 (올리브 왁스)",NA,NA,NA,NA
"13","브랜든 블랙 뿔테 안경 glasses","rumple bag / khaki",NA,"비앤씨 베이지 검솔",NA,"노트북에코백 (아이보리)","3way bag grey","로우 레더 러너 - 네이비","belted bold corduroy white newsboy cap 뉴스보이캡","에이블러 비브람(abler vibram)-오렌지(orange)",NA,NA,"ray yacht parka olive",NA,NA,NA,NA
"14","서울컬렉션 익선 블랙","seaside utility pants (khaki moss)",NA,"washed-canvas balloon-fit pants (beige)",NA,"퀼팅 시그니처 패딩 점퍼_ivory","take a walk joggers/grey","오버사이즈 멜톤 콘보이 더플 코트 네이비","[fw버전] 기모 옥스포드 세미오버 프렌치 셔츠_off white",NA,NA,NA,"mountain padding vest _ olive",NA,NA,NA,NA
"15","22ss utility mountain jacket black","warm-fleece balloon pants (khaki)",NA,"데일리 코튼 미니 메신저백 (beige)",NA,"[fws x mazi untitled] reversible bandana bore bag _ ivory",NA,"os logo rugby tee_navy","overlap work shirt _ white",NA,NA,NA,"wide officer pants grey olive",NA,NA,NA,NA
"16","브랜든 블랙 뿔테 안경 glasses","m65 wind breaker khaki grey",NA,"contrast cotton jacket_light beige",NA,"canvas sneakers ivory flmpaa1u11",NA,"비니 navy blue","us navy s/s tee off white",NA,NA,NA,"밀리터리 지퍼 v 넥 다운 자켓 - 올리브 / taion-101zml-1-olive",NA,NA,NA,NA
"17","[로우로우x이벳필드] 스트링 크로스백 블랙","왁스캔버스 카키 브리프케이스 (올리브 왁스)",NA,"dyeing 포켓 오버핏 긴팔 셔츠(베이지)",NA,"bonded fleece jacket ivory",NA,"[g557600] 몬스터 포켓 오버롤 (olive x navy crz)","(22ss) 2 tone arch tee white",NA,NA,NA,"wep down jacket (olive drab)",NA,NA,NA,NA
"18","퍼스트 포켓  왁스 자켓 블랙","ecwcs 파카 자켓 카키",NA,"코튼 와이드 테이퍼드 크롭 팬츠 베이지",NA,"og heavyweight sweatshirt _ ivory",NA,"coolmax stickcap vintage navy","rc basic socks (white)",NA,NA,NA,"벌룬 팬츠 올리브",NA,NA,NA,NA
"19","[unisex]퍼플 플라워 자수 크로스 메신저백_블랙","코튼 린넨 와이드 이지 팬츠 [카키]",NA,"오버사이즈 코듀로이 트러커 재킷 [베이지]",NA,"위켄드 토트 크로스백 (아이보리)",NA,NA,"시티보이 빅오버 옥스포드 반팔 셔츠_white",NA,NA,NA,"edgar n-1 deck jacket _ olive",NA,NA,NA,NA
"20","us m-65 field pants - black","[로우로우x이벳필드] 베츠 풀로고 스웻셔츠 카키",NA,"m65 balloon pants beige",NA,"터틀넥 폴라티 아이보리",NA,NA,NA,NA,NA,NA,"tartan check fringe scarf (olive)",NA,NA,NA,NA
"21","cb 하프 서클 크로스백 (블랙)","유니섹스 오버핏 m-51 피쉬테일 파카 v3 카키",NA,"린넨 미드 라인 셔츠_베이지",NA,"embroidery handsome dan corduroy shirt ivory",NA,NA,NA,NA,NA,NA,"ctwd 하프 밴딩 코튼 벌룬 팬츠-올리브",NA,NA,NA,NA
"22","damp check muffler_black/mustard","587 fishtail coat padding_khaki",NA,"ray wind parka beige",NA,"fatigue rib army balloon pants - ivory",NA,NA,NA,NA,NA,NA,"ecwcs level 7 parka beige olive",NA,NA,NA,NA
"23","퍼스트 포켓  왁스 자켓 블랙","메모리얼 크로스백 (카키)",NA,"오버사이즈 스트라이프 긴팔 티셔츠_베이지(en2csmt510a)",NA,"프리모 캔버스 토트백 아이보리 카키",NA,NA,NA,NA,NA,NA,"왁스캔버스 헌터그린 브리프케이스 (올리브 왁스)",NA,NA,NA,NA
"24","embroidery rugby split crewneck black / cream","리버시블 항공 점퍼 카키",NA,"collar button knit beige",NA,"미드90 루즈핏 배기 코듀로이 팬츠 아이보리",NA,NA,NA,NA,NA,NA,"와이드 팬츠 olive",NA,NA,NA,NA
"25","sa 니트 스컬 캡_블랙","comfortable pants (khaki)",NA,"belted bold corduroy beige newsboy cap 뉴스보이캡",NA,"heavy 8w corduroy shirt jacket _ ivory",NA,NA,NA,NA,NA,NA,"karakoram goose down parka_olive green",NA,NA,NA,NA
"26","tar (compact) 48 - black","[남녀공용] cu20-4 코듀로이 트라우저 카키 cu204pt01kh",NA,"크런치 코듀로이 밴딩 팬츠 딥베이지 yhlp2391",NA,"위켄드 토트 크로스백 (아이보리)",NA,NA,NA,NA,NA,NA,"ecwcs level 7 parka grey olive",NA,NA,NA,NA
"27","코듀로이 벌룬핏 밴딩 팬츠 (black)","utility ripstop pants khaki",NA,"alc100 german_sneakers beige",NA,"퀼팅 시그니처 패딩 점퍼_ivory",NA,NA,NA,NA,NA,NA,"helmet bag - olive",NA,NA,NA,NA
"28","warm-fleece balloon pants (black)","라지 아리엘 트라우트 피싱 백 카키",NA,"노벨 크로스백 (베이지)",NA,"위켄드 토트 크로스백 (아이보리)",NA,NA,NA,NA,NA,NA,"숏 퀼팅 자켓 올리브",NA,NA,NA,NA
"29","오리지널 빅 메신저백 블랙","레귤러 핏 코듀로이 팬츠 [카키]",NA,"ulb031_웨이브 가죽 숄더백 루이스_카멜 베이지",NA,"heavy 8w corduroy shirt jacket _ ivory",NA,NA,NA,NA,NA,NA,"tartan check fringe scarf (olive)",NA,NA,NA,NA
"30","black newsboy cap 뉴스보이캡","빈티지크로스카툰투포켓(카키베이지)",NA,"벨루에 비건 울 더플 코트 (베이지)",NA,"튜보 코지 아이보리",NA,NA,NA,NA,NA,NA,"20 2포켓 베이직 토트-올리브",NA,NA,NA,NA
"31","이스트 yeast anthracite_black","유니섹스 오버핏 나이브 체크 셔츠-카키",NA,"폴라 익스플로러 파카 [베이지]",NA,"[fws x mazi untitled] reversible bandana bore bag _ ivory",NA,NA,NA,NA,NA,NA,"코듀로이 퍼티그 베스트 올리브",NA,NA,NA,NA
"32","스터드 로고 오버핏 울 트루퍼햇 블랙","belted bold corduroy khaki newsboy cap 뉴스보이캡",NA,"빈티지크로스카툰투포켓(카키베이지)",NA,"bonded fleece jacket ivory",NA,NA,NA,NA,NA,NA,"us m-65 field pants - olive",NA,NA,NA,NA
"33","피시테일 파카 [블랙]","오버핏 퀼팅자켓 [라이트카키]",NA,"washed-canvas balloon-fit pants (beige)",NA,"[블랙] b-스테디 골지 니트 폴라넥-아이보리",NA,NA,NA,NA,NA,NA,"[g557600] 몬스터 포켓 오버롤 (olive x navy crz)",NA,NA,NA,NA
"34","[남녀공용] cu20-3 데님 퍼티그 팬츠 블랙 cu203pt01bk","라지 아리엘 트라우트 피싱 백 카키",NA,"oversized alternate stripe tee _ beige",NA,"cotton crinkie cross bag (ivory)",NA,NA,NA,NA,NA,NA,"twill balloon pants _ olive",NA,NA,NA,NA
"35","21fw shelter down parka black","wool knit toggle-button cardigan (khaki)",NA,"벌룬 팬츠 베이지",NA,"레토백 아이보리",NA,NA,NA,NA,NA,NA,"오리지널 로우 캡 올리브",NA,NA,NA,NA
"36","[스탠다드]21fw oversized m65 hood short down parka black","warm-fleece balloon pants (khaki)",NA,"파드레 v beige",NA,"cn tie bag (ivory)",NA,NA,NA,NA,NA,NA,"트윌 토트백 olive",NA,NA,NA,NA
"37","edgar n-1 deck jacket _ black","라지 아리엘 트라우트 피싱 백 카키",NA,"16s banding pants 베이지",NA,"bs linen hunting cap (ivory)",NA,NA,NA,NA,NA,NA,"테이퍼드 와이드 원턱 린넨 팬츠_martine olive",NA,NA,NA,NA
"38","벌룬 데님팬츠 - 블랙","[리버시블]플리스 & 패딩 베스트 v2 라이트 카키",NA,"메모리얼 크로스백 (베이지)",NA,"(cotton) watch cap [ ivory ]",NA,NA,NA,NA,NA,NA,"paracord bracelet (black+olive drab)",NA,NA,NA,NA
"39","[n.s.c x seven figures]marine deck type2-black","위켄드 토트 크로스백 (카키)",NA,"노맨틱 퍼 리버시블 무스탕 베이지",NA,"2 way canvas leather cross bag-ivory",NA,NA,NA,NA,NA,NA,NA,NA,NA,NA,NA
"40","ladder bag / wrinkle / npc / dark black","canvas newsboy bag (khaki)",NA,"스웨이드 숏 다운 자켓 베이지 x 브라운",NA,"cotton crinkie cross bag (ivory)",NA,NA,NA,NA,NA,NA,NA,NA,NA,NA,NA
"41","stitch aviation over jacket -  black","m2040_퍼티그 팬츠 (카키)",NA,"오버핏 프로우 체크 셔츠-베이지",NA,"bio ivory newsboy cap 뉴스보이캡",NA,NA,NA,NA,NA,NA,NA,NA,NA,NA,NA
"42","corduroy toggle 4pocket jacket [black]","belted bold corduroy khaki newsboy cap 뉴스보이캡",NA,"벌룬 팬츠 베이지",NA,NA,NA,NA,NA,NA,NA,NA,NA,NA,NA,NA,NA
"43","슈 블랙브레드 choux black_bread","다운 푸퍼 숏 패딩 재킷 [카키]",NA,"파드레 v beige",NA,NA,NA,NA,NA,NA,NA,NA,NA,NA,NA,NA,NA
"44","세미오버핏 타탄 체크 셔츠 [엄버 블랙]","스퍼브 코듀로이_superb corduroy khaki_jd13",NA,"코듀로이 와이드 밴딩팬츠 (베이지)",NA,NA,NA,NA,NA,NA,NA,NA,NA,NA,NA,NA,NA
"45","[블랙] b-스테디 골지 니트 폴라넥-아이보리","퍼티그 벌룬 코듀로이 팬츠 mpt110 [khaki]",NA,"몬스터 덕다운 파카 베이지 jjot7521",NA,NA,NA,NA,NA,NA,NA,NA,NA,NA,NA,NA,NA
"46","비브람 코만도솔 스웨이드 모크슈즈 9008-s [black]","프리모 캔버스 토트백 아이보리 카키",NA,"코튼 스트레이트 팬츠 베이지",NA,NA,NA,NA,NA,NA,NA,NA,NA,NA,NA,NA,NA
"47","royal hunting jacket 002 _ black watch","wrinkle shirt jacket (khaki)",NA,"캔버스 미니백 [베이지]",NA,NA,NA,NA,NA,NA,NA,NA,NA,NA,NA,NA,NA
"48","[블루라이트 차단렌즈] richard-ob242-black","sl835 ww2 미해군 트레이너 카키",NA,"유니섹스 플랙스 오버핏 골지 폴라 니트 베이지",NA,NA,NA,NA,NA,NA,NA,NA,NA,NA,NA,NA,NA
"49","(vintage cotton) classic big apple hat - vintage black","belted bold corduroy khaki newsboy cap 뉴스보이캡",NA,"wool hc stole (beige)",NA,NA,NA,NA,NA,NA,NA,NA,NA,NA,NA,NA,NA
"50","s130293 aztec black/black","quilted liner jacket khaki",NA,"코니 플레인_connie plain tan beige_jd13",NA,NA,NA,NA,NA,NA,NA,NA,NA,NA,NA,NA,NA
"51","15az006j aztec sand/sand/black","유니섹스 오버핏 나이브 체크 셔츠-카키",NA,"아가일 모헤어 니트 가디건 베이지",NA,NA,NA,NA,NA,NA,NA,NA,NA,NA,NA,NA,NA
"52","아리조나 블랙 051791","시그니쳐 와펜 울 숏 비니 (카키)",NA,"ecwcs level 7 parka beige olive",NA,NA,NA,NA,NA,NA,NA,NA,NA,NA,NA,NA,NA
"53","[g557600] 몬스터 포켓 오버롤 (black x brown crz)","cb 벌룬 카고조거팬츠 (카키)",NA,"엘보우 다이아몬드 스티치 s68 베이지",NA,NA,NA,NA,NA,NA,NA,NA,NA,NA,NA,NA,NA
"54","bokjori string bag _ bandana black","위켄드 크로스백 605 khaki",NA,"corduroy curve pants cream beige",NA,NA,NA,NA,NA,NA,NA,NA,NA,NA,NA,NA,NA
"55","black newsboy cap 뉴스보이캡","이유 70s 로우  카키",NA,"쉐르파 플리스 집업 베스트 [베이지]",NA,NA,NA,NA,NA,NA,NA,NA,NA,NA,NA,NA,NA
"56","스트링 크로스백 750 black","rc e479 khaki glass",NA,"와이드 코듀로이 팬츠 [베이지]",NA,NA,NA,NA,NA,NA,NA,NA,NA,NA,NA,NA,NA
"57","로우키 밴딩 쿨 벌룬 팬츠 블랙 cjlp7492","헤비웨이트 오버사이즈 후디드 스웨트셔츠 [더스티 카키]",NA,"파드레 v beige",NA,NA,NA,NA,NA,NA,NA,NA,NA,NA,NA,NA,NA
"58","서울컬렉션 문래 블랙","립 퀼팅 피쉬테일 패딩 -  khaki",NA,"옥스포드 셔츠 스트라이프 베이지",NA,NA,NA,NA,NA,NA,NA,NA,NA,NA,NA,NA,NA
"59","스트링 크로스백 750 black","[original] sacoche bag (khaki)",NA,"벌룬 팬츠 베이지",NA,NA,NA,NA,NA,NA,NA,NA,NA,NA,NA,NA,NA
"60","구르카 샌들 블랙","nylon hooded puffer down parka _ light khaki",NA,"파드레 v beige",NA,NA,NA,NA,NA,NA,NA,NA,NA,NA,NA,NA,NA
"61","1605v 빈티지 메신저백 s black","jungle cloth basic chino pants khaki",NA,"ctwd 하프 밴딩 코튼 벌룬 팬츠-베이지",NA,NA,NA,NA,NA,NA,NA,NA,NA,NA,NA,NA,NA
"62","서울컬렉션 성수 블랙","와이드 절개 벌룬팬츠 코튼 카키",NA,"belted bold corduroy beige newsboy cap 뉴스보이캡",NA,NA,NA,NA,NA,NA,NA,NA,NA,NA,NA,NA,NA
"63","필립 로퍼 - black","587 fishtail coat padding_khaki",NA,"아웃 포켓 다운 숏 패딩 재킷 [더스티 베이지]",NA,NA,NA,NA,NA,NA,NA,NA,NA,NA,NA,NA,NA
"64","bs linen hunting cap (black)","메모리얼 토트 크로스백 (카키)",NA,"캐시미어 100 터틀 넥 니트 [베이지]",NA,NA,NA,NA,NA,NA,NA,NA,NA,NA,NA,NA,NA
"65","paracord bracelet (black+olive drab)","데일리 퍼티그 팬츠_카키",NA,"dyer hooded down parka beige",NA,NA,NA,NA,NA,NA,NA,NA,NA,NA,NA,NA,NA
"66",NA,"코튼 와이드 벌룬 팬츠 [카키]",NA,"캔디 숏 비니(라이트 베이지)",NA,NA,NA,NA,NA,NA,NA,NA,NA,NA,NA,NA,NA
"67",NA,"빈티지크로스카툰투포켓(카키베이지)",NA,"파드레 v beige",NA,NA,NA,NA,NA,NA,NA,NA,NA,NA,NA,NA,NA
"68",NA,"n214aha630 램스울 라벨 비니 khaki",NA,"아가일 오버핏 니트 - 베이지",NA,NA,NA,NA,NA,NA,NA,NA,NA,NA,NA,NA,NA
"69",NA,"[asia] c로고 라운드넥 경량패딩 한국별주 (normal khaki) ckja1f830k2",NA,"시티워커 메신저백 beige",NA,NA,NA,NA,NA,NA,NA,NA,NA,NA,NA,NA,NA
"70",NA,"[남녀공용] cu20-4 코듀로이 머플러 카키 cu204ac02kh",NA,"wb gemstone bracelet (beige)",NA,NA,NA,NA,NA,NA,NA,NA,NA,NA,NA,NA,NA
"71",NA,"cb 하프 서클 크로스백 (카키)",NA,"몬스터 덕다운 파카 그레이베이지 jjot7521",NA,NA,NA,NA,NA,NA,NA,NA,NA,NA,NA,NA,NA
"72",NA,"리버시블 퀼팅 자켓(카키)",NA,"트래블러 툴 캔버스 크로스백 7101 베이지",NA,NA,NA,NA,NA,NA,NA,NA,NA,NA,NA,NA,NA
"73",NA,"patch beanie_khaki",NA,"리버서블 쉐르파 플리스 후디드 재킷 [베이지]",NA,NA,NA,NA,NA,NA,NA,NA,NA,NA,NA,NA,NA
"74",NA,"더블 사이드 숄더 크로스백 (카키)",NA,"빈티지크로스카툰투포켓(카키베이지)",NA,NA,NA,NA,NA,NA,NA,NA,NA,NA,NA,NA,NA
"75",NA,"je토트백 (라지) _ 카키",NA,"alc100 german_sneakers beige",NA,NA,NA,NA,NA,NA,NA,NA,NA,NA,NA,NA,NA
"76",NA,"deck jacket khaki",NA,"washed-canvas balloon-fit pants (beige)",NA,NA,NA,NA,NA,NA,NA,NA,NA,NA,NA,NA,NA
"77",NA,"3m신슐레이트 패딩 퀼팅 자켓 mjk106 [khaki]",NA,"로우 레더 러너 시즌 2 - 베이지",NA,NA,NA,NA,NA,NA,NA,NA,NA,NA,NA,NA,NA
"78",NA,"m-51 피시테일 코트 카키",NA,"corduroy balloon pants _ beige",NA,NA,NA,NA,NA,NA,NA,NA,NA,NA,NA,NA,NA
"79",NA,"리얼 와이드 치노팬츠(카키)",NA,"pig skin shoulder bag beige",NA,NA,NA,NA,NA,NA,NA,NA,NA,NA,NA,NA,NA
"80",NA,"steady balloon snap pants khaki",NA,"lb linen newsboy cap (beige)",NA,NA,NA,NA,NA,NA,NA,NA,NA,NA,NA,NA,NA
"81",NA,"유니섹스 스트레이트 카고 조거팬츠 카키 v2",NA,"워시드 퍼티그 벌룬 코튼 팬츠 mpt108 [beige]",NA,NA,NA,NA,NA,NA,NA,NA,NA,NA,NA,NA,NA
"82",NA,"steady balloon snap pants khaki",NA,"deck jacket beige",NA,NA,NA,NA,NA,NA,NA,NA,NA,NA,NA,NA,NA
"83",NA,"steady balloon snap pants khaki",NA,"corduroy balloon pants _ beige",NA,NA,NA,NA,NA,NA,NA,NA,NA,NA,NA,NA,NA
"84",NA,"m51 short pants khaki",NA,"오버핏 체크 셔츠 베이지",NA,NA,NA,NA,NA,NA,NA,NA,NA,NA,NA,NA,NA
"85",NA,"round pocket shorts khaki",NA,"코튼 마운틴 자켓 베이지",NA,NA,NA,NA,NA,NA,NA,NA,NA,NA,NA,NA,NA
"86",NA,"슈프림 nfl 레이더스 47 데님 베스트 카키 / ss19j66-khaki",NA,"스콘(f/w용) 와이드 벌룬팬츠 베이지 yhlp2386",NA,NA,NA,NA,NA,NA,NA,NA,NA,NA,NA,NA,NA
"87",NA,"메모리얼 토트 크로스백 (카키)",NA,"oxford over shirts beige stripe",NA,NA,NA,NA,NA,NA,NA,NA,NA,NA,NA,NA,NA
"88",NA,"volume easy pants khaki",NA,"[unisex]pigment beige bucket hat",NA,NA,NA,NA,NA,NA,NA,NA,NA,NA,NA,NA,NA
"89",NA,"steady balloon snap pants khaki",NA,"summer shorts (premium basic) - beige",NA,NA,NA,NA,NA,NA,NA,NA,NA,NA,NA,NA,NA
"90",NA,"린넨 크롭 벌룬팬츠 카키",NA,"twill balloon pants _ beige",NA,NA,NA,NA,NA,NA,NA,NA,NA,NA,NA,NA,NA
"91",NA,"교토 sfb 페이디드카키 1019721",NA,"비건 푸딩 에코백 베이지",NA,NA,NA,NA,NA,NA,NA,NA,NA,NA,NA,NA,NA
"92",NA,NA,NA,"레트로 메신저백 베이지",NA,NA,NA,NA,NA,NA,NA,NA,NA,NA,NA,NA,NA
"93",NA,NA,NA,"캠프캡 002 beige",NA,NA,NA,NA,NA,NA,NA,NA,NA,NA,NA,NA,NA
"94",NA,NA,NA,"crest oxford s/s over shirts beige",NA,NA,NA,NA,NA,NA,NA,NA,NA,NA,NA,NA,NA
"95",NA,NA,NA,"twill balloon pants _ beige",NA,NA,NA,NA,NA,NA,NA,NA,NA,NA,NA,NA,NA
"96",NA,NA,NA,"en gemstone bracelet (beige)",NA,NA,NA,NA,NA,NA,NA,NA,NA,NA,NA,NA,NA
