"","jacket","pants","padding","coat","shirt","sweatshirt","mentomen","pack","shorts","cap","ballcap","socks","shoes","necklace","gardigan","jean","neat","jumper","tshirt"
"1","와플 데님 셔츠 자켓_블루(ng2csuj240a)","modoo pants 모두바지 코듀로이 (brown)","587 fishtail coat padding_khaki","lt 코트 - 화이트:그레이 / gw5116","쿨 코튼 2-pack 티셔츠 화이트","리버서블 스웻셔츠 reversible sweatshirts - otmeal","고밀도 와이드 스트링 럭비 맨투맨 네이비 / p018-1791ss22","얼티메이트 백팩 (카키)","투턱 hbt 반바지_카키","오디너리 오버핏 코튼 볼캡 베이지","오디너리 오버핏 코튼 볼캡 베이지","rc basic socks (white)","유니섹스 스니커즈 나이브라인 ｜ tau (타우)","앤틱패더 써지컬스틸 체인목걸이 (c2001-an637_sv)","엔젤 와펜 가디건 블랙","와플 데님 셔츠 자켓_블루(ng2csuj240a)","써머 니트 버킷 햇_베이지(en2csmab20a)","리버시블 항공 점퍼 카키","쿨 코튼 2-pack 티셔츠 화이트"
"2","m65 blouson jacket dark grey","벨트 와이드 비조 반바지 - grey","mountain padding vest _ olive","levi s® red 엔지니어 코트_a2691-0000","와플 데님 셔츠 자켓_블루(ng2csuj240a)","[로우로우x이벳필드] 베츠 풀로고 스웻셔츠 카키","헤비 코튼 오버 럭비 맨투맨 _midnight blue","유니섹스 테크니컬 베를린 백팩 aaa237u",NA,"thunder ivory corduroy earflap cap 귀달이모자","오리지널 트윌 볼캡 베이지",NA,"스니커즈 low6 holes leather desert",NA,"벌키 브러쉬 다이아몬드 가디건 beige","와플 워싱 데님_블랙(ng2csud110a)","bc cm 로고 니트 b21ft22iv","베이지 양털카라 필드 점퍼","레빗 or 베어 티셔츠_화이트(ng2cmut500a)"
"3","athletic track jacket pigeon blue","투턱 hbt 반바지_카키","퀼팅 시그니처 패딩 점퍼_brick","피쉬테일 더플 코트_카키","레빗 or 베어 티셔츠_화이트(ng2cmut500a)","올리버 스웻셔츠 (그레이)","[iv]tmr-mg005 [tmaker 맨투맨]","클래식 슬립온 98 dx pw - (애너하임 팩토리) 퀼티드 믹스 / vn0a5hzn9gu1",NA,"오리지널 트윌 볼캡 베이지",NA,NA,"콜체스터(colchester) nick 스니커즈 (mens) c720058mb-m",NA,"블랭크 플리스 가디건 5종 아이보리 sjot1292","가죽 트림 데님 토트 - 네이비","시그니처 아가일 니트 베스트 (블랙)","퀼팅 시그니처 패딩 점퍼_brick","[쿨코튼]2-pack 로고 티셔츠"
"4","m65 blouson jacket olive (heritage ver.)","코튼 카고 쇼트 팬츠_카키(en2csmpa70a)","[리뉴얼 ver](unisex)덕다운  g 로고 패딩_캬라멜브라운","벨루에 비건 울 더플 코트 (베이지)","[쿨코튼]2-pack 로고 티셔츠","올리버 스웻셔츠 (그레이)","레트로 폰트 헤비오버핏  맨투맨 퍼플_기모","세그먼트 백팩 (네이비/베이지)",NA,"hbt newsboy cap (brown)",NA,NA,"스니커즈 low8 holes cactus",NA,"m2064 울 라운드넥 가디건 (네이비)","리지드 인디고 데님 벌룬 팬츠","시티보이 브이넥 니트베스트_베이지","퀼팅 시그니처 패딩 점퍼_ivory","투웨이 스트라이프 럭비 카라티셔츠_네이비"
"5","코튼 마운틴 자켓 베이지","포켓 코튼 숏팬츠(카키)","[리버시블]플리스 & 패딩 베스트 v2 라이트 카키","패디드 발마칸 코트 padded balmacaan ct","투웨이 스트라이프 럭비 카라티셔츠_네이비","ntv-winnetonka 93 sweatshirt","tmr o.t 맨투맨 [카키]","클래식 슬립온 98 dx - (애너하임 팩토리) og 화이트 / vn0a3jexqwp1",NA,"nature logo ball cap _ olive stripe",NA,NA,"클레오 방한 슬립온 퍼 스니커즈 운동화 카멜",NA,"벌키 브러쉬 아가일 가디건 brown","washing black denim newsboy cap 데님뉴스보이캡","케이블 스몰라쿠 니트 베스트(캐럿)","로고 니들 포인트 점퍼 다크베이지","오버사이즈 스트라이프 긴팔 티셔츠_베이지(en2csmt510a)"
"6","22ss utility mountain jacket black","ripstop cargo 팬츠 khaki","퀼팅 시그니처 패딩 점퍼_brick","하프 더플 코트 (블랙)","블럭 라인 셔츠_베이지","리버서블 스웻셔츠 reversible sweatshirts - otmeal","라이프 1936 스웨트셔츠 맨투맨_오트밀",NA,NA,"cpt-logo 7 panel cap khaki",NA,NA,"타비 s37ws0578 p4291 t8013 남자 스니커즈",NA,"아가일 모헤어 니트 가디건 베이지","시티보이 빅오버 워싱 데님 셔츠_light blue","코튼 니트 폴로 셔츠 off white","가드너 양털 배색 웰론 점퍼 웜그레이","[패키지] 에센셜 레이어드 롱 슬리브 티셔츠"
"7","m65 blouson jacket olive (heritage ver.)","유스 와이드 카고팬츠 4종 카키 yhlp2159","다운 푸퍼 숏 패딩 재킷 [카키]","3m 신슐레이트 m-51 피시테일 코트 패딩 블랙","(unisex) 클래시 체크 셔츠 ver2_딥","baseball sweatshirt (oatmeal)","tmr 오피스룩 맨투맨 [크림]",NA,NA,"belted bold ct khaki newsboy cap 뉴스보이캡",NA,NA,"[bolla] b7422 kaki 스페인 스니커즈 made in spain",NA,NA,"리지드 인디고 데님 벌룬 팬츠","램스울 브이 넥 니트 베스트 [모카]","퀼팅 시그니처 패딩 점퍼_brick","[세트상품]터틀넥 니트 티셔츠"
"8","22ss utility mountain jacket olive green","리얼 와이드 치노팬츠(카키)","미쉐린 웰론 숏패딩 pd-100_lk","오버사이즈 멜톤 콘보이 더플 코트 네이비","코튼 니트 폴로 셔츠 off white","basic sweatshirts navy","[iv]tmr-ml001 [tmaker 맨투맨]",NA,NA,"hbt newsboy cap (brown)",NA,NA,"옐로이시 브라운 옥스포드 스니커즈 (bc17k1c11b)",NA,NA,"[남녀공용] cu20-3 데님 퍼티그 팬츠 블랙 cu203pt01bk","오버핏 스트라이프 럭비 니트_mustard","m 리버시블 롱 피쉬테일 점퍼 m reversible long fishtail jp","오버핏 스트라이프 터틀넥 티셔츠"
"9","ma-1 blouson jacket grey","워시드 퍼티그 벌룬 코튼 팬츠 mpt108 [ivory]","다운 패딩 chino","m-51 피시테일 코트 카키","리버서블 스웻셔츠 reversible sweatshirts - otmeal","vtg workless sweatshirts oatmeal","레귤러핏 스탠다드 기모 맨투맨 [브라운]",NA,NA,"mold cap / vntg / olive",NA,NA,"스니커즈 low8 holes tobacco",NA,NA,"벌룬 데님팬츠 - 블랙","베츠 브이넥 배색 니트 그린","코듀로이 후디드 봄버 점퍼 (브라운)","화이트라벨 포켓 티셔츠 화이트"
"10","contrast cotton jacket_light beige","와이드 절개 벌룬팬츠 코튼 카키","리버시블 트래블러 패딩 네이비 fpj205","balmacaan hunting coat _ black watch","헤비웨이트 오버사이즈 옥스포드 셔츠 [라이트 베이지]","vtg nsc logo sweatshirts oatmeal","씨티 맨투맨(오트밀)",NA,NA,"allround cap beige",NA,NA,"스니커즈 low8 holes leather elephant",NA,NA,"바이오워싱 시티보이 데님셔츠_블루","제리 울 니트 베스트 코코아 mjkn7524","코듀로이 후디드 봄버 점퍼 (브라운)","화이트라벨 포켓 티셔츠 화이트"
"11","22ss raf mk3 jacket l green","리지드 인디고 데님 벌룬 팬츠","리버시블 트래블러 패딩 네이비 fpj205","587 fishtail coat padding_khaki","셔링 셔츠 옥스퍼드 블루 스트라이프","vtg us army sweatshirts oatmeal","라이프 1936 스웨트셔츠 맨투맨_오트밀",NA,NA,"butterfly twill b.b cap orange",NA,NA,"스니커즈 low8 holes cactus",NA,NA,"리지드 인디고 데님 벌룬 팬츠","[남녀공용] cu20-4 니트 비니 브릭 cu204ac01bc","퀼팅 시그니처 패딩 점퍼_ivory","제이슨 오버핏 반팔티셔츠 크림 kjst2365"
"12","ecwcs 파카 자켓 카키","워시드 퍼티그 벌룬 코튼 팬츠 mpt108 [beige]","아웃 포켓 다운 숏 패딩 재킷 [더스티 베이지]","alpaca 2pocket heavy short coat [red brown]","오버핏 아치 로고 스웨트 셔츠-오트밀","vtg ny arch logo sweatshirts oatmeal","아치 로고 맨투맨 그레이",NA,NA,"lb twill baseball cap (khaki)",NA,NA,"남성 카키 단화 스니커즈 운동화 (db32fs001aro)",NA,NA,"왁스캔버스 데님 브리프케이스 (블랙와치 왁스)","sa 니트 스컬 캡_블랙","[구스 다운]블랙 오버핏 볼륨 롱 다운 디테처블 후드 야상 점퍼 ieju1f005bk","k87 워크웨어 포켓 반팔티셔츠 (20colors)"
"13","22ss utility mountain jacket black","[패키지] 스콘 와이드 벌룬팬츠 2pack yhlp2350 / yhlp2386","587 fishtail coat padding_khaki","cal duffle coat ka [ivory]","핀더 와이드 코듀로이 셔츠 아이보리 / gmcjk04-1791fw21","1960 sweatshirts khaki","tmr o.t 맨투맨 [다크오렌지]",NA,NA,"new stickcap black",NA,NA,"스웨이드 레더 스니커즈 [베이지]",NA,NA,"컨템포러리 크롭 데님 자켓 블루","페어아일 크루넥 니트 fairisle crewneck knit",NA,"[패키지] 로버스트 헤비 오버핏 반팔티셔츠 mst127 / 8color set"
"14","퍼스트 포켓  왁스 자켓 블랙","코튼 린넨 와이드 이지 팬츠 [카키]","믹시 리버시블 덕다운 숏패딩 브라운 deot4364","duffle coat khaki beige","dyeing 포켓 오버핏 긴팔 셔츠(베이지)","og heavyweight sweatshirt _ ivory",NA,NA,NA,"washing bold ct brown newsboy cap 뉴스보이캡",NA,NA,"에어스니커즈 줄루 로우 카키",NA,NA,"프론트 오버핏 데님 셔츠 중청","아가일 오버핏 니트 - 브라운",NA,"오리지널 카모 로고 티셔츠 화이트"
"15","zip-up wool bellows jacket (brown)","벌룬 팬츠 올리브","[asia] c로고 라운드넥 경량패딩 한국별주 (black) ckja1f830bk","587 fishtail coat padding_khaki","오버 바이오 스마일 셔츠 라이트그레이","vtg navy sports arch logo sweatshirts 1% melange",NA,NA,NA,"washing black denim newsboy cap 데님뉴스보이캡",NA,NA,"sl832 캐나다군 트레이너 스니커즈 브라운",NA,NA,"슈프림 nfl 레이더스 47 데님 베스트 카키 / ss19j66-khaki","유니섹스 플랙스 오버핏 골지 폴라 니트 베이지",NA,"빅 트위치 로고 티셔츠 버건디"
"16","컬러플러스 다운 자켓 khaki","루즈테이퍼드 팬츠 olive",NA,NA,"스웨트셔츠 [브라운]","vtg us army sweatshirts oatmeal",NA,NA,NA,"wool brown belted newsboy cap 뉴스보이캡",NA,NA,"캔버스 스니커즈 - 다크그린",NA,NA,"파번 7503 원턱 카고 와이드핏 다크인디고 데님팬츠","울 블랜디드 니트 wool blended sweater",NA,"오버사이즈드 피그먼트 벌룬 반팔티셔츠 (lightkhaki) mst131"
"17","오버핏 퀼팅자켓 [라이트카키]","퍼티그 팬츠 브라운",NA,NA,"[로우로우x이벳필드] 베츠 풀로고 스웻셔츠 카키","baseball sweatshirt (oatmeal)",NA,NA,NA,"s.s.g watch cap (pumpkin orange)",NA,NA,"유니섹스 스니커즈 나이브라인 ｜ sol (머스타드)",NA,NA,NA,"아가일 모헤어 니트 가디건 베이지",NA,NA
"18","bonded fleece jacket ivory","와이드 퍼티그 팬츠 t02 올리브",NA,NA,"(unisex) 기프트 체크 셔츠","charms embossing sweatshirts br",NA,NA,NA,"cool brown newsboy cap 뉴스보이캡",NA,NA,"[남녀공용] 슈펜x비슬로우 독일군 스니커즈 byss20s65",NA,NA,NA,"캐시미어 아이리쉬 니트 글로브 오트밀",NA,NA
"19","퍼스트 포켓  왁스 자켓 블랙","sa 투턱 벌룬핏 트윌 카고 팬츠_브라운",NA,NA,"린넨 미드 라인 셔츠_베이지","match sweatshirts (smile x rugby)",NA,NA,NA,"angler cap (brown)",NA,NA,"1511 빈티지브라운 로퍼 스니커즈",NA,NA,NA,"[hazzys phiz] unisex 그린 타이포로고 자수 카라니트",NA,NA
"20","스웨이드 숏 다운 자켓 베이지 x 브라운","w 카룬 4209 카고 벌룬핏 베이지 팬츠",NA,NA,"오버사이즈 스트라이프 긴팔 티셔츠_베이지(en2csmt510a)","b&c sweatshirt _ brown",NA,NA,NA,"belted bold corduroy beige newsboy cap 뉴스보이캡",NA,NA,NA,NA,NA,NA,"오리지널 니트 글러브 브라운",NA,NA
"21","wep down jacket (olive drab)","벌룬 팬츠 올리브",NA,NA,"오버핏 포켓 체크셔츠 오렌지","1960 sweatshirts oatmeal",NA,NA,NA,"hbt newsboy cap (brown)",NA,NA,NA,NA,NA,NA,"캐시미어 100 터틀 넥 니트 [베이지]",NA,NA
"22","edgar n-1 deck jacket _ olive","2턱 와이드 팬츠 네이비",NA,NA,"린넨 미드 라인 셔츠_베이지","1960 sweatshirts oatmeal",NA,NA,NA,"nylon hiking cap dark orange",NA,NA,NA,NA,NA,NA,"아가일 오버핏 니트 - 베이지",NA,NA
"23","wrinkle shirt jacket (khaki)","이지 카펜더팬츠_오크브라운",NA,NA,"핀더 와이드 코듀로이 셔츠 아이보리 / gmcjk04-1791fw21","basic sweatshirts oatmeal",NA,NA,NA,"belted bold corduroy khaki newsboy cap 뉴스보이캡",NA,NA,NA,NA,NA,NA,"페어 아일 니트 fair isle sweater",NA,NA
"24","quilted liner jacket khaki","코튼 와이드 테이퍼드 크롭 팬츠 베이지",NA,NA,"오버핏 포켓 체크셔츠 오렌지","m65 sweatshirts khaki",NA,NA,NA,"mold cap / vntg / olive",NA,NA,NA,NA,NA,NA,"[세트상품]터틀넥 니트 티셔츠",NA,NA
"25","corduroy varsity jacket _ dark orange","코튼 린넨 와이드 이지 팬츠 [카키]",NA,NA,"오버사이즈 옥스포드 셔츠 [스카이 블루]",NA,NA,NA,NA,"bs denim hunting cap (denim)",NA,NA,NA,NA,NA,NA,"베이직 소프트 니트 터틀넥 아이보리",NA,NA
"26","heavy 8w corduroy shirt jacket _ ivory","코듀로이 와이드 팬츠_아이보리",NA,NA,"유니섹스 오버핏 나이브 체크 셔츠-카키",NA,NA,NA,NA,"21 코듀로이 와치캡 [mf]21 corduroy watch cap",NA,NA,NA,NA,NA,NA,"하이넥짚업니트(모카베이지)",NA,NA
"27","브라우니 롱 플리스 더플자켓 khaki","코튼 스트레이트 팬츠 베이지",NA,NA,"오버핏 프리크 체크 셔츠-레드",NA,NA,NA,NA,"mold cap / twill cotton / d brown",NA,NA,NA,NA,NA,NA,"sa 테디 아가일 니트_브라운",NA,NA
"28","heavy 8w corduroy shirt jacket _ ivory","a.p 치노 팬츠 아이보리",NA,NA,"플러프 무드 체크 셔츠 s24 브라운",NA,NA,NA,NA,"cashmere watch cap (orange)",NA,NA,NA,NA,NA,NA,"[블랙] b-스테디 골지 니트 폴라넥-아이보리",NA,NA
"29","bonded fleece jacket ivory","코듀로이 와이드 밴딩팬츠 (베이지)",NA,NA,"라이프 1936 스웨트셔츠 맨투맨_오트밀",NA,NA,NA,NA,"belted bold corduroy khaki newsboy cap 뉴스보이캡",NA,NA,NA,NA,NA,NA,"탑필 캐시미어 라운드 니트 (브라운)",NA,NA
"30","edgar n-1 deck jacket _ black","코듀로이 와이드 벌룬 밴딩 팬츠  - khaki",NA,NA,"옥스포드 셔츠 스트라이프 베이지",NA,NA,NA,NA,"hbt newsboy cap (brown)",NA,NA,NA,NA,NA,NA,"뉴 파리지앵 클래식 니트 베스트 네이비",NA,NA
"31","숏 퀼팅 자켓 올리브","크런치 코듀로이 밴딩 팬츠 딥베이지 yhlp2391",NA,NA,"n1 코듀로이 오버핏  셔츠 자켓_카키",NA,NA,NA,NA,"applique r symbol ball cap [indigo blue]",NA,NA,NA,NA,NA,NA,NA,NA,NA
"32","stitch aviation over jacket -  black","[t-03] 코듀로이 스탠다드 팬츠 모카",NA,NA,"마이애미 스웨트셔츠(베이지그레이)",NA,NA,NA,NA,"pl tweed hunting cap (slate grey)",NA,NA,NA,NA,NA,NA,NA,NA,NA
"33","corduroy toggle 4pocket jacket [black]","투턱 와이드 치노 팬츠 (beige)",NA,NA,"옥스포드 셔츠 화이트",NA,NA,NA,NA,"cool brown newsboy cap 뉴스보이캡",NA,NA,NA,NA,NA,NA,NA,NA,NA
"34","리버시블 퀼팅 자켓(카키)","코듀로이 팬츠 (브라운)",NA,NA,"오버핏 프로우 체크 셔츠-베이지",NA,NA,NA,NA,"new stickcap color mix orange mix",NA,NA,NA,NA,NA,NA,NA,NA,NA
"35","유틸리티 마고자켓 001 khaki","코듀로이 데일리 팬츠 베이지",NA,NA,"핀더 와이드 코듀로이 셔츠 아이보리 / gmcjk04-1791fw21",NA,NA,NA,NA,"lb tweed newsboy cap (brown)",NA,NA,NA,NA,NA,NA,NA,NA,NA
"36","마이크로 퍼 덱 자켓 브라운","ctwd 하프 밴딩 코튼 벌룬 팬츠-올리브",NA,NA,"시티보이 빅오버 워싱 데님 셔츠_light blue",NA,NA,NA,NA,"soft suade beige newsboy cap 뉴스보이캡",NA,NA,NA,NA,NA,NA,NA,NA,NA
"37","deck jacket khaki","헤비 코튼 원턱 크림 팬츠",NA,NA,"[패키지] 에센셜 레이어드 롱 슬리브 티셔츠",NA,NA,NA,NA,"belted bold corduroy khaki newsboy cap 뉴스보이캡",NA,NA,NA,NA,NA,NA,NA,NA,NA
"38","deck jacket beige","레귤러 핏 코듀로이 팬츠 [카키]",NA,NA,"m2023_시티라이프 스티치 셔츠 (소라)",NA,NA,NA,NA,"hbt newsboy cap (brown)",NA,NA,NA,NA,NA,NA,NA,NA,NA
"39","벨티드 무톤 자켓 (브라운)","스너그 와이드 코듀로이 팬츠 (brown)",NA,NA,"유니온 스웨트셔츠 네이비",NA,NA,NA,NA,"thunder ivory corduroy earflap cap 귀달이모자",NA,NA,NA,NA,NA,NA,NA,NA,NA
"40","royal hunting jacket 002 _ black watch","루즈테이퍼드 팬츠 black",NA,NA,"플랫 테리 오버사이즈 스트링 스웨트셔츠 [머스터드]",NA,NA,NA,NA,"brown low poly newsboy cap 뉴스보이캡",NA,NA,NA,NA,NA,NA,NA,NA,NA
"41","컨템포러리 크롭 데님 자켓 블루","xp90 코듀로이 벌룬 팬츠 (brown)",NA,NA,"시티보이 빅 히트 셔츠-브라운",NA,NA,NA,NA,"mold cap / twill cotton / d brown",NA,NA,NA,NA,NA,NA,NA,NA,NA
"42","코튼 마운틴 자켓 베이지","벌룬 팬츠 크림",NA,NA,"피그먼트 루즈핏 셔츠 베이지 smls4058",NA,NA,NA,NA,"lb tweed newsboy cap (brown)",NA,NA,NA,NA,NA,NA,NA,NA,NA
"43",NA,"앵클컷 코튼 벌룬 팬츠 올리브",NA,NA,"(올시즌) 베이직 세미 오버핏 레이어링 셔츠 화이트",NA,NA,NA,NA,"black newsboy cap 뉴스보이캡",NA,NA,NA,NA,NA,NA,NA,NA,NA
"44",NA,"벌룬 팬츠 베이지",NA,NA,"유니섹스 오버핏 나이브 체크 셔츠-카키",NA,NA,NA,NA,"lb tweed newsboy cap (brown)",NA,NA,NA,NA,NA,NA,NA,NA,NA
"45",NA,"와이드 절개 벌룬팬츠 코튼 카키",NA,NA,"베이식 코듀로이 셔츠 [다크 오렌지]",NA,NA,NA,NA,"belted bold corduroy khaki newsboy cap 뉴스보이캡",NA,NA,NA,NA,NA,NA,NA,NA,NA
"46",NA,"퍼티그 팬츠 브라운",NA,NA,"올리버 스웻셔츠 (그레이)",NA,NA,NA,NA,"heavy weight marine watch cap (brown)",NA,NA,NA,NA,NA,NA,NA,NA,NA
"47",NA,"벌룬 팬츠 베이지",NA,NA,"유니온 스웨트셔츠 카키",NA,NA,NA,NA,"mold cap / twill cotton / d brown",NA,NA,NA,NA,NA,NA,NA,NA,NA
"48",NA,"코듀로이 와이드 벌룬 밴딩 팬츠  - khaki",NA,NA,"옥스포드 셔츠 스트라이프 베이지",NA,NA,NA,NA,"new stickcap color mix orange mix",NA,NA,NA,NA,NA,NA,NA,NA,NA
"49",NA,"코듀로이 와이드 밴딩팬츠 (베이지)",NA,NA,"(unisex) 기프트 체크 셔츠",NA,NA,NA,NA,"pl tweed hunting cap (slate grey)",NA,NA,NA,NA,NA,NA,NA,NA,NA
"50",NA,"츄로스 코듀로이 밴딩 팬츠 베이지 cjlp7423",NA,NA,"헤비웨이트 오버사이즈 후디드 스웨트셔츠 [더스티 카키]",NA,NA,NA,NA,"(cotton) watch cap [dark gray]",NA,NA,NA,NA,NA,NA,NA,NA,NA
"51",NA,"m2040_퍼티그 팬츠 (카키)",NA,NA,"[리뉴얼]스테디 와이드 체크 셔츠-베이지",NA,NA,NA,NA,"belted bold corduroy white newsboy cap 뉴스보이캡",NA,NA,NA,NA,NA,NA,NA,NA,NA
"52",NA,"코듀로이 퍼티그 팬츠 체스트넛",NA,NA,"[남녀공용] cu20-4 코듀로이 셔츠 자켓 차콜 cu204ou03ch",NA,NA,NA,NA,"belted bold corduroy beige newsboy cap 뉴스보이캡",NA,NA,NA,NA,NA,NA,NA,NA,NA
"53",NA,"코튼 스트레이트 팬츠 베이지",NA,NA,"라이프 1936 스웨트셔츠 맨투맨_오트밀",NA,NA,NA,NA,"belted bold corduroy khaki newsboy cap 뉴스보이캡",NA,NA,NA,NA,NA,NA,NA,NA,NA
"54",NA,"코듀로이 벌룬핏 밴딩 팬츠 (black)",NA,NA,"프레드릭 오버핏 울 체크 셔츠",NA,NA,NA,NA,"lb wool baseball cap (navy)",NA,NA,NA,NA,NA,NA,NA,NA,NA
"55",NA,"벌룬 팬츠 올리브",NA,NA,"[ebfd x odp] 스트라이프 럭비셔츠 화이트",NA,NA,NA,NA,"lb tweed newsboy cap (brown)",NA,NA,NA,NA,NA,NA,NA,NA,NA
"56",NA,"와이드 코듀로이 팬츠 [라이트 베이지]",NA,NA,"폴링 체크 셔츠 s43",NA,NA,NA,NA,"lb cotton brimless cap (khaki)",NA,NA,NA,NA,NA,NA,NA,NA,NA
"57",NA,"리지드 인디고 데님 벌룬 팬츠",NA,NA,"바이오워싱 시티보이 데님셔츠_블루",NA,NA,NA,NA,"martin nynf duffle - landscape",NA,NA,NA,NA,NA,NA,NA,NA,NA
"58",NA,"퍼티그 벌룬 코듀로이 팬츠 mpt110 [khaki]",NA,NA,"오버사이즈 옥스포드 셔츠 [그레이]",NA,NA,NA,NA,"linen-cotton newsboy cap (brown)",NA,NA,NA,NA,NA,NA,NA,NA,NA
"59",NA,"ctwd 하프 밴딩 코튼 벌룬 팬츠-올리브",NA,NA,"올리버 스웻셔츠 (그레이)",NA,NA,NA,NA,"brown low poly newsboy cap 뉴스보이캡",NA,NA,NA,NA,NA,NA,NA,NA,NA
"60",NA,"ctwd 하프 밴딩 코튼 벌룬 팬츠-베이지",NA,NA,"[세트상품]터틀넥 니트 티셔츠",NA,NA,NA,NA,"deep black wool newsboy cap 뉴스보이캡",NA,NA,NA,NA,NA,NA,NA,NA,NA
"61",NA,"와이드 카고 코듀로이 팬츠 (브라운)",NA,NA,"[fw버전] 기모 옥스포드 세미오버 프렌치 셔츠_off white",NA,NA,NA,NA,"new stickcap color mix orange mix",NA,NA,NA,NA,NA,NA,NA,NA,NA
"62",NA,"미드90 루즈핏 배기 코듀로이 팬츠 아이보리",NA,NA,"오버핏 스트라이프 터틀넥 티셔츠",NA,NA,NA,NA,"lb tweed newsboy cap (brown)",NA,NA,NA,NA,NA,NA,NA,NA,NA
"63",NA,"ctwd 하프 밴딩 코튼 벌룬 팬츠-베이지",NA,NA,"루즈핏 플래그 자수 포켓 셔츠 블루",NA,NA,NA,NA,"lb tweed newsboy cap (brown)",NA,NA,NA,NA,NA,NA,NA,NA,NA
"64",NA,"코듀로이 벌룬핏 밴딩 팬츠 (beige)",NA,NA,"세미오버핏 타탄 체크 셔츠 [엄버 블랙]",NA,NA,NA,NA,"lb linen newsboy cap (beige)",NA,NA,NA,NA,NA,NA,NA,NA,NA
"65",NA,"베드포드 코드 팬츠 올리브",NA,NA,"[패키지] 매치오버핏 셔츠 4종 bjls4410",NA,NA,NA,NA,"watch cap (brown)",NA,NA,NA,NA,NA,NA,NA,NA,NA
"66",NA,"cb 벌룬 카고조거팬츠 (카키)",NA,NA,"sh1304 스냅다운 셔츠-화이트",NA,NA,NA,NA,"heavy weight marine watch cap (brown)",NA,NA,NA,NA,NA,NA,NA,NA,NA
"67",NA,"스트링 카고 팬츠[그린]",NA,NA,"오버핏 체크 셔츠 베이지",NA,NA,NA,NA,"ch tweed hunting cap (brown)",NA,NA,NA,NA,NA,NA,NA,NA,NA
"68",NA,"와이드 팬츠 olive",NA,NA,"(unisex) 아트 체크 셔츠",NA,NA,NA,NA,"(just fit) cotton watch cap",NA,NA,NA,NA,NA,NA,NA,NA,NA
"69",NA,"와이드 코듀로이 팬츠 [베이지]",NA,NA,"m0038 오버핏 코튼 셔츠 (화이트)",NA,NA,NA,NA,"new stickcap irish khaki",NA,NA,NA,NA,NA,NA,NA,NA,NA
"70",NA,"벌룬 팬츠 블랙",NA,NA,"빈티지 오버핏 체크셔츠_베이지",NA,NA,NA,NA,"brown low poly newsboy cap 뉴스보이캡",NA,NA,NA,NA,NA,NA,NA,NA,NA
"71",NA,"퍼티그 팬츠 올리브",NA,NA,"플러프 무드 체크 셔츠 s24 브라운",NA,NA,NA,NA,"bs linen hunting cap (ivory)",NA,NA,NA,NA,NA,NA,NA,NA,NA
"72",NA,"코튼 턱 팬츠 cotton tuck pt",NA,NA,"프론트 오버핏 데님 셔츠 중청",NA,NA,NA,NA,"오빅 플랫 캡 ovik flat cap (77274)",NA,NA,NA,NA,NA,NA,NA,NA,NA
"73",NA,"xp90 코듀로이 벌룬 팬츠 (brown)",NA,NA,"화이트라벨 포켓 티셔츠 화이트",NA,NA,NA,NA,"coolmax stickcap mustard yellow",NA,NA,NA,NA,NA,NA,NA,NA,NA
"74",NA,"벌룬 팬츠 베이지",NA,NA,"화이트라벨 포켓 티셔츠 화이트",NA,NA,NA,NA,"(cotton) watch cap [ ivory ]",NA,NA,NA,NA,NA,NA,NA,NA,NA
"75",NA,"레귤러 핏 카고 팬츠 [베이지]",NA,NA,"제이슨 오버핏 반팔티셔츠 크림 kjst2365",NA,NA,NA,NA,"black newsboy cap 뉴스보이캡",NA,NA,NA,NA,NA,NA,NA,NA,NA
"76",NA,"[남녀공용] cu20-3 데님 퍼티그 팬츠 블랙 cu203pt01bk",NA,NA,"k87 워크웨어 포켓 반팔티셔츠 (20colors)",NA,NA,NA,NA,"bio ivory newsboy cap 뉴스보이캡",NA,NA,NA,NA,NA,NA,NA,NA,NA
"77",NA,"ctwd 하프 밴딩 코튼 벌룬 팬츠-베이지",NA,NA,"라이트 오버핏 반팔 셔츠 베이지",NA,NA,NA,NA,"coolmax stickcap vintage navy",NA,NA,NA,NA,NA,NA,NA,NA,NA
"78",NA,"원 턱 레귤러 핏 치노 팬츠 [베이지]",NA,NA,"유틸리티 커브 포켓 루즈핏 옥스포드 하프 셔츠 네이비",NA,NA,NA,NA,"bs linen hunting cap (black)",NA,NA,NA,NA,NA,NA,NA,NA,NA
"79",NA,"와이드 절개 벌룬팬츠 코튼 차콜",NA,NA,"[패키지] 로버스트 헤비 오버핏 반팔티셔츠 mst127 / 8color set",NA,NA,NA,NA,NA,NA,NA,NA,NA,NA,NA,NA,NA,NA
"80",NA,"스위치 핀턱 와이드 팬츠 (그레이)",NA,NA,"매치오버핏 반팔셔츠 흰색 bjss4426",NA,NA,NA,NA,NA,NA,NA,NA,NA,NA,NA,NA,NA,NA
"81",NA,"자이언트핏 코듀로이 카고팬츠(베이지)",NA,NA,"시티보이 빅오버 옥스포드 반팔 셔츠_white",NA,NA,NA,NA,NA,NA,NA,NA,NA,NA,NA,NA,NA,NA
"82",NA,"톰 코튼 팬츠 차콜 mjlp7517",NA,NA,"[패키지] 매치오버핏 셔츠 4종 bjls4410",NA,NA,NA,NA,NA,NA,NA,NA,NA,NA,NA,NA,NA,NA
"83",NA,"퍼티그 코듀로이 팬츠 (cream)",NA,NA,"오리지널 카모 로고 티셔츠 화이트",NA,NA,NA,NA,NA,NA,NA,NA,NA,NA,NA,NA,NA,NA
"84",NA,"와이드 카고 코듀로이 팬츠 (브라운)",NA,NA,"빅 트위치 로고 티셔츠 버건디",NA,NA,NA,NA,NA,NA,NA,NA,NA,NA,NA,NA,NA,NA
"85",NA,"와이드 절개 벌룬팬츠 코튼 카키",NA,NA,"더블 트위치로고 2pk 반팔셔츠 세이지 그린",NA,NA,NA,NA,NA,NA,NA,NA,NA,NA,NA,NA,NA,NA
"86",NA,"코듀로이 밴딩 카고 팬츠 카키",NA,NA,"오버사이즈드 피그먼트 벌룬 반팔티셔츠 (lightkhaki) mst131",NA,NA,NA,NA,NA,NA,NA,NA,NA,NA,NA,NA,NA,NA
"87",NA,"벌룬 데님팬츠 - 블랙",NA,NA,"마드라스 시어서커 셔츠 (브라운)",NA,NA,NA,NA,NA,NA,NA,NA,NA,NA,NA,NA,NA,NA
"88",NA,"데일리 퍼티그 팬츠_카키",NA,NA,"지젤 노카라 셔츠 베이지 hsss2187",NA,NA,NA,NA,NA,NA,NA,NA,NA,NA,NA,NA,NA,NA
"89",NA,"코튼 턱 팬츠 cotton tuck pt",NA,NA,"gingham wide shirt (navy)",NA,NA,NA,NA,NA,NA,NA,NA,NA,NA,NA,NA,NA,NA
"90",NA,"스콘(f/w용) 와이드 벌룬팬츠 베이지 yhlp2386",NA,NA,"brownie patchwork relax shirt _ multi",NA,NA,NA,NA,NA,NA,NA,NA,NA,NA,NA,NA,NA,NA
"91",NA,"와이드 카고 코듀로이 팬츠 (블랙)",NA,NA,"unisex round half shirts jacket cream",NA,NA,NA,NA,NA,NA,NA,NA,NA,NA,NA,NA,NA,NA
"92",NA,"벌룬 팬츠 베이지",NA,NA,"ntv-winnetonka 93 sweatshirt",NA,NA,NA,NA,NA,NA,NA,NA,NA,NA,NA,NA,NA,NA
"93",NA,"워시드 퍼티그 벌룬 코튼 팬츠 mpt108 [black]",NA,NA,"pullover shirts olive",NA,NA,NA,NA,NA,NA,NA,NA,NA,NA,NA,NA,NA,NA
"94",NA,"코튼 와이드 벌룬 팬츠 [카키]",NA,NA,"리버서블 스웻셔츠 reversible sweatshirts - otmeal",NA,NA,NA,NA,NA,NA,NA,NA,NA,NA,NA,NA,NA,NA
"95",NA,"코듀로이 루즈핏 핀턱 밴딩 팬츠  - ivory",NA,NA,"denim over shirts washed",NA,NA,NA,NA,NA,NA,NA,NA,NA,NA,NA,NA,NA,NA
"96",NA,"리지드 인디고 데님 벌룬 팬츠",NA,NA,"heavy weight pique polo shirts white",NA,NA,NA,NA,NA,NA,NA,NA,NA,NA,NA,NA,NA,NA
"97",NA,"[패키지] 츄로스 코듀로이 밴딩 팬츠 2pack cjlp7423",NA,NA,"tunnel rats t-shirt wheat",NA,NA,NA,NA,NA,NA,NA,NA,NA,NA,NA,NA,NA,NA
"98",NA,"코듀로이 워시드 트윈즈 팬츠 (charcoal)",NA,NA,"eg relaxed shirts white",NA,NA,NA,NA,NA,NA,NA,NA,NA,NA,NA,NA,NA,NA
"99",NA,"ripstop cargo 팬츠 khaki",NA,NA,"color rib classic fit sweat shirt -oatmeal / grey melange-",NA,NA,NA,NA,NA,NA,NA,NA,NA,NA,NA,NA,NA,NA
"100",NA,"톰 코튼 팬츠 오트밀 mjlp7517",NA,NA,"eg relaxed shirts white",NA,NA,NA,NA,NA,NA,NA,NA,NA,NA,NA,NA,NA,NA
"101",NA,"mens 루즈핏 코듀로이 스트레이트 팬츠 (u0421cptn2)",NA,NA,"baseball sweatshirt (oatmeal)",NA,NA,NA,NA,NA,NA,NA,NA,NA,NA,NA,NA,NA,NA
"102",NA,"워시드 퍼티그 벌룬 코튼 팬츠 mpt108 [ivory]",NA,NA,"basic sweatshirts navy",NA,NA,NA,NA,NA,NA,NA,NA,NA,NA,NA,NA,NA,NA
"103",NA,"와이드핏 코튼 투 턱 팬츠-브라운",NA,NA,"border t-shirt [midnight vanilla]",NA,NA,NA,NA,NA,NA,NA,NA,NA,NA,NA,NA,NA,NA
"104",NA,"포켓 스트링 팬츠 pocket string pants",NA,NA,"classic logo heavy sweat shirt_melange grey",NA,NA,NA,NA,NA,NA,NA,NA,NA,NA,NA,NA,NA,NA
"105",NA,"워시드 퍼티그 벌룬 코튼 팬츠 mpt108 [beige]",NA,NA,"vtg workless sweatshirts oatmeal",NA,NA,NA,NA,NA,NA,NA,NA,NA,NA,NA,NA,NA,NA
"106",NA,"[패키지] 스콘 와이드 벌룬팬츠 2pack yhlp2350 / yhlp2386",NA,NA,"vtg nsc logo sweatshirts oatmeal",NA,NA,NA,NA,NA,NA,NA,NA,NA,NA,NA,NA,NA,NA
"107",NA,"워시드 퍼티그 벌룬 코튼 팬츠 mpt108 [kahki]",NA,NA,"vtg us army sweatshirts oatmeal",NA,NA,NA,NA,NA,NA,NA,NA,NA,NA,NA,NA,NA,NA
"108",NA,"와이드 카고 치노 팬츠 (카키)",NA,NA,"vtg ny arch logo sweatshirts oatmeal",NA,NA,NA,NA,NA,NA,NA,NA,NA,NA,NA,NA,NA,NA
"109",NA,"cp-788 ov 원턱 와이드 팬츠_bg",NA,NA,"uxp string oxford shirts blue",NA,NA,NA,NA,NA,NA,NA,NA,NA,NA,NA,NA,NA,NA
"110",NA,"노르 세미와이드 팬츠 / gmp13(1)-1791ss21",NA,NA,"1960 sweatshirts khaki",NA,NA,NA,NA,NA,NA,NA,NA,NA,NA,NA,NA,NA,NA
"111",NA,"cb 벌룬 카고조거팬츠 (카키)",NA,NA,"og heavyweight sweatshirt _ ivory",NA,NA,NA,NA,NA,NA,NA,NA,NA,NA,NA,NA,NA,NA
"112",NA,"스콘(f/w용) 와이드 벌룬팬츠 베이지 yhlp2386",NA,NA,"unisex tencel side shirts brown",NA,NA,NA,NA,NA,NA,NA,NA,NA,NA,NA,NA,NA,NA
"113",NA,"리얼 와이드 치노팬츠(카키)",NA,NA,"vtg navy sports arch logo sweatshirts 1% melange",NA,NA,NA,NA,NA,NA,NA,NA,NA,NA,NA,NA,NA,NA
"114",NA,"코튼 린넨 롱 와이드 밴딩 팬츠 [카키]",NA,NA,"serdin shirts - yellow",NA,NA,NA,NA,NA,NA,NA,NA,NA,NA,NA,NA,NA,NA
"115",NA,"유니섹스 스트레이트 카고 조거팬츠 카키 v2",NA,NA,"vtg us army sweatshirts oatmeal",NA,NA,NA,NA,NA,NA,NA,NA,NA,NA,NA,NA,NA,NA
"116",NA,"미드90 루즈핏 배기 코튼 팬츠 베이지",NA,NA,"corduroy shirt standard fit burgundy",NA,NA,NA,NA,NA,NA,NA,NA,NA,NA,NA,NA,NA,NA
"117",NA,"[패키지] 로우키 f/w 밴딩 조거 팬츠 2pack jjlp7529",NA,NA,"embroidery handsome dan corduroy shirt ivory",NA,NA,NA,NA,NA,NA,NA,NA,NA,NA,NA,NA,NA,NA
"118",NA,"로우키 밴딩 쿨 벌룬 팬츠 모카브라운 cjlp7492",NA,NA,"unisex short collar shirts white",NA,NA,NA,NA,NA,NA,NA,NA,NA,NA,NA,NA,NA,NA
"119",NA,"[패키지] 스콘 와이드 벌룬팬츠 2pack yhlp2350 / yhlp2386",NA,NA,"heavy 8w corduroy shirt jacket _ ivory",NA,NA,NA,NA,NA,NA,NA,NA,NA,NA,NA,NA,NA,NA
"120",NA,"워시드 퍼티그 벌룬 코튼 팬츠 mpt108 [kahki]",NA,NA,"nylon 3 pocket shirt jacket _ beige",NA,NA,NA,NA,NA,NA,NA,NA,NA,NA,NA,NA,NA,NA
"121",NA,"크라우 와이드 카고 벌룬팬츠 카키 yhlp2284",NA,NA,"wrinkle shirt jacket (khaki)",NA,NA,NA,NA,NA,NA,NA,NA,NA,NA,NA,NA,NA,NA
"122",NA,"파번 7503 원턱 카고 와이드핏 다크인디고 데님팬츠",NA,NA,"baseball sweatshirt (oatmeal)",NA,NA,NA,NA,NA,NA,NA,NA,NA,NA,NA,NA,NA,NA
"123",NA,"로우키 밴딩 쿨 벌룬 팬츠 블랙 cjlp7492",NA,NA,"overfit check shirts_black",NA,NA,NA,NA,NA,NA,NA,NA,NA,NA,NA,NA,NA,NA
"124",NA,"린넨 크롭 벌룬팬츠 카키",NA,NA,"heavy 8w corduroy shirt jacket _ ivory",NA,NA,NA,NA,NA,NA,NA,NA,NA,NA,NA,NA,NA,NA
"125",NA,"테이퍼드 와이드 원턱 린넨 팬츠_martine olive",NA,NA,"charms embossing sweatshirts br",NA,NA,NA,NA,NA,NA,NA,NA,NA,NA,NA,NA,NA,NA
"126",NA,"bt wide fatigue pants _ navy",NA,NA,"match sweatshirts (smile x rugby)",NA,NA,NA,NA,NA,NA,NA,NA,NA,NA,NA,NA,NA,NA
"127",NA,"nylon cargo balloon pants _ beige",NA,NA,"b&c sweatshirt _ brown",NA,NA,NA,NA,NA,NA,NA,NA,NA,NA,NA,NA,NA,NA
"128",NA,"steady balloon snap pants beige",NA,NA,"1960 sweatshirts oatmeal",NA,NA,NA,NA,NA,NA,NA,NA,NA,NA,NA,NA,NA,NA
"129",NA,"solar pigment balloon sweat pants (khaki)",NA,NA,"heavy 8w corduroy shirt jacket _ ivory",NA,NA,NA,NA,NA,NA,NA,NA,NA,NA,NA,NA,NA,NA
"130",NA,"ac cargo pants.beige",NA,NA,"os logo st oxford shirt_navy",NA,NA,NA,NA,NA,NA,NA,NA,NA,NA,NA,NA,NA,NA
"131",NA,"lite balloon pants khaki",NA,NA,"nylon 3 pocket shirt jacket _ light khaki",NA,NA,NA,NA,NA,NA,NA,NA,NA,NA,NA,NA,NA,NA
"132",NA,"nylon warm up pants dark grey",NA,NA,"denim over shirts washed",NA,NA,NA,NA,NA,NA,NA,NA,NA,NA,NA,NA,NA,NA
"133",NA,"cotton balloon pants khaki",NA,NA,"1960 sweatshirts oatmeal",NA,NA,NA,NA,NA,NA,NA,NA,NA,NA,NA,NA,NA,NA
"134",NA,"new balloon snap pants for fw beige",NA,NA,"overlap work shirt _ white",NA,NA,NA,NA,NA,NA,NA,NA,NA,NA,NA,NA,NA,NA
"135",NA,"washed-canvas balloon-fit pants (beige)",NA,NA,"basic sweatshirts oatmeal",NA,NA,NA,NA,NA,NA,NA,NA,NA,NA,NA,NA,NA,NA
"136",NA,"steady balloon snap pants khaki",NA,NA,"[오리지널스]arc logo sweat shirt_navy",NA,NA,NA,NA,NA,NA,NA,NA,NA,NA,NA,NA,NA,NA
"137",NA,"oversized cotton nylon pants [beige]",NA,NA,"oxford over shirts beige stripe",NA,NA,NA,NA,NA,NA,NA,NA,NA,NA,NA,NA,NA,NA
"138",NA,"washed-canvas balloon-fit pants (beige)",NA,NA,"4pocket hunting shirt_olive green",NA,NA,NA,NA,NA,NA,NA,NA,NA,NA,NA,NA,NA,NA
"139",NA,"seaside utility pants (khaki moss)",NA,NA,"tunnel rats t-shirt wheat",NA,NA,NA,NA,NA,NA,NA,NA,NA,NA,NA,NA,NA,NA
"140",NA,"warm-fleece balloon pants (khaki)",NA,NA,"m65 sweatshirts khaki",NA,NA,NA,NA,NA,NA,NA,NA,NA,NA,NA,NA,NA,NA
"141",NA,"new balloon snap pants for fw beige",NA,NA,"us pullover s/s shirts light blue",NA,NA,NA,NA,NA,NA,NA,NA,NA,NA,NA,NA,NA,NA
"142",NA,"wide officer pants navy",NA,NA,"solid linen box shirts [cream]",NA,NA,NA,NA,NA,NA,NA,NA,NA,NA,NA,NA,NA,NA
"143",NA,"uxp climbing chino pants khaki",NA,NA,"3pocket s/s shirt jacket grey",NA,NA,NA,NA,NA,NA,NA,NA,NA,NA,NA,NA,NA,NA
"144",NA,"m65 balloon pants beige",NA,NA,"natural linen shirts [natural]",NA,NA,NA,NA,NA,NA,NA,NA,NA,NA,NA,NA,NA,NA
"145",NA,"m65 balloon pants beige",NA,NA,"double pocket s/s shirts light grey",NA,NA,NA,NA,NA,NA,NA,NA,NA,NA,NA,NA,NA,NA
"146",NA,"comfortable pants (khaki)",NA,NA,"rat oxford s/s over shirts blue",NA,NA,NA,NA,NA,NA,NA,NA,NA,NA,NA,NA,NA,NA
"147",NA,"wide string cargo slacks pants - ivory",NA,NA,"leaguer check half shirts (eve.green)",NA,NA,NA,NA,NA,NA,NA,NA,NA,NA,NA,NA,NA,NA
"148",NA,"utility ripstop pants khaki",NA,NA,"cardigan s/s shirts khaki",NA,NA,NA,NA,NA,NA,NA,NA,NA,NA,NA,NA,NA,NA
"149",NA,"uxp climbing chino pants khaki",NA,NA,"crest oxford s/s over shirts beige",NA,NA,NA,NA,NA,NA,NA,NA,NA,NA,NA,NA,NA,NA
"150",NA,"seaside corduroy pants (olive green)",NA,NA,"loop button washed half shirts middle blue",NA,NA,NA,NA,NA,NA,NA,NA,NA,NA,NA,NA,NA,NA
"151",NA,"us m-65 field pants - black",NA,NA,"c(""gingham wide shirt (navy)"", ""코튼 카고 쇼트 팬츠_카키(en2csmpa70a)"", ""hbt newsboy cap (brown)"", ""라이프 헤비 코튼 빅 토트백_베이지"", ""이스트 페스토블랙 yeast pesto_black"", ""nyco hooded m51 fishtail parka _ olive"", ""brownie patchwork relax shirt _ multi"", ""og pigment dyeing half tee _ desert"", ""bt wide fatigue pants _ navy"", ""nature logo ball cap _ olive stripe"", ""이스트 yeast crumb white_crust"", ""balmacaan hunting coat _ black watch"", ""og heavyweight pullover hoody _ oatmeal"", ""nylon cargo balloon pants _ beige"", 
""bokjori string bag _ leather black"", ""머튼 스웨이드 보트 슈 - 브라운"", ""로럴골든 하프집업_화이트멜란지"", ""포켓 코튼 숏팬츠(카키)"", ""cpt-logo 7 panel cap khaki"", ""two way bucket bag (4color)"", ""크루 삭스 화이트"", ""german military panna (exclusive edition)"", ""스몰 하트 루즈핏 베스트 [블랙]"", ""쿨 코튼 2-pack 티셔츠 화이트"", ""슬로우 (체크)"", ""써머 니트 버킷 햇_베이지(en2csmab20a)"", ""메모리얼 크로스백 (베이지)"", ""토이지 리치블랙"", ""와플 데님 셔츠 자켓_블루(ng2csuj240a)"", ""레빗 or 베어 티셔츠_화이트(ng2cmut500a)"", 
""와플 워싱 데님_블랙(ng2csud110a)"", ""denim (over size) big apple hat - 흑청"", ""(50x50) bandana [black]"", ""가죽 트림 데님 토트 - 네이비"", ""에버라스트 겨울 남자 퍼 워커 부츠"", ""[쿨코튼]2-pack 로고 티셔츠"", ""ripstop cargo 팬츠 khaki"", ""쿠버04 c.05"", ""스몰 아리엘 트라우트 피싱 백 카키"", ""목토 6인치 브라운 814-4203"", ""unisex round half shirts jacket cream"", ""steady balloon snap pants beige"", ""belted bold ct khaki newsboy cap 뉴스보이캡"", ""왁스캔버스 카키 브리프케이스 (올리브 왁스)"", ""이스트 yeast anthracite_wood"", 
""bc cm 로고 니트 b21ft22iv"", ""solar pigment balloon sweat pants (khaki)"", ""feather bracelet (ivory)"", ""와샤 나일론 베리어스 백-더스트 베이지"", ""보스턴 sfb 모카 660461"", ""시그니처 아가일 니트 베스트 (블랙)"", ""슈무 와펜 롱슬리브 화이트"", ""유스 와이드 카고팬츠 4종 카키 yhlp2159"", ""leather udc / authentic b b / desert mud"", ""스몰 아리엘 트라우트 피싱 백 카키"", ""루이스 레더 화이트"", ""투웨이 스트라이프 럭비 카라티셔츠_네이비"", ""120 cavalry (black) sanforized"", ""뮤지엄 4 c4"", ""얼티메이트 백팩 (카키)"", ""남자 팀버랜드 6인치 프리미엄 부츠 / 10061-713"", 
""시티보이 브이넥 니트베스트_베이지"", ""블럭 라인 셔츠_베이지"", ""리얼 와이드 치노팬츠(카키)"", ""몬테나 블랙 안경 glasses"", ""멜릭 마일스 토트백 베이지"", ""폴라 슬립온 w1007058na-m"", ""케이블 스몰라쿠 니트 베스트(캐럿)"", ""(unisex) 클래시 체크 셔츠 ver2_딥"", ""워시드 퍼티그 벌룬 코튼 팬츠 mpt108 [ivory]"", ""holden caulfield 50 titanium - matt black"", ""lw 포그윌리엄"", ""파이 하이피칸 pie hi_pecan"", ""ntv-winnetonka 93 sweatshirt"", ""와이드 절개 벌룬팬츠 코튼 카키"", ""hbt newsboy cap (brown)"", ""스몰 러너스백 (베이지)"", 
""오리지날 플러스 피크닉 _ 에크루"", ""nylon ripstop bdu jacket khaki"", ""mohair cardigan brown"", ""dsn-logo tee white"", ""nylon ripstop bdu pant khaki"", ""뮤지엄 4 c4"", ""워싱 린넨 투톤 머플러 2 color"", ""남성 레드포드 6인치 부츠 초콜릿브라운_tb0a2gmyf131"", ""tc1-ts0107 베네치아 스트라이프-블루"", ""ac cargo pants.beige"", ""mold cap / vntg / olive"", ""스몰 아리엘 트라우트 피싱 백 카키"", ""크러스트 crust ecru_butter"", ""pullover shirts olive"", ""리지드 인디고 데님 벌룬 팬츠"", ""allround cap beige"", ""플라이트 메신저백 라이트브라운 (un123cbg12)"", 
""nbpfcs179l / mt410kf5 (white)"", ""고밀도 와이드 스트링 럭비 맨투맨 네이비 / p018-1791ss22"", ""워시드 퍼티그 벌룬 코튼 팬츠 mpt108 [beige]"", ""peace silver bracelet"", ""스몰 아리엘 트라우트 피싱 백 카키"", ""파이 애플 pie apple"", ""베츠 럭비 카라 배색 롱슬리브 그린"", ""원 턱 치노스_베이지"", ""wool bw check flat beret (green)"", ""라지 아리엘 트라우트 피싱 백 카키"", ""이스트 yeast crumb white_crust"", ""스키퍼 hunting green"", ""코튼 니트 폴로 셔츠 off white"", ""lite balloon pants khaki"", ""비니 natural taupe"", ""lw 포그윌리엄"", 
""유니섹스 스니커즈 나이브라인 ｜ tau (타우)"", ""스키퍼 navy blue"", ""guildo elbow patch (050) asju2211388-050"", ""[스탠다드]one tuck curved jean_ivory"", ""쿠버01 c.04"", ""라지 아리엘 트라우트 피싱 백 카키"", ""베이직 캐주얼 몰딩 왈라비 bysl79a52"", ""리버서블 스웻셔츠 reversible sweatshirts - otmeal"", ""[패키지] 스콘 와이드 벌룬팬츠 2pack yhlp2350 / yhlp2386"", ""feather bracelet (ivory)"", ""오가닉 코튼 토트백 / 쿤스트 써클"", ""스니커즈 low6 holes leather desert"", ""miller heavyweight cardigan burnt orange"", ""denim over shirts washed"", 
""downtime(다운타임) l ale"", ""유니섹스 테크니컬 베를린 백팩 aaa237u"", ""1461 3홀 블랙 스무스 / 11838002"", ""m65 blouson jacket dark grey"", ""heavy weight pique polo shirts white"", ""tunnel rats t-shirt wheat"", ""nylon warm up pants dark grey"", ""over fatigue hat olive"", ""lt 코트 - 화이트:그레이 / gw5116"", ""ray yacht parka black"", ""embroidery rugby split crewneck black / cream"", ""cotton balloon pants khaki"", ""butterfly twill b.b cap orange"", ""le09fbe (beige) mail 메신져백 베이지"", ""베이글 뮬 에크루버터 bagel mule ecru_butter"", 
""램스울 브이 넥 니트 베스트 [모카]"", ""헤비웨이트 오버사이즈 옥스포드 셔츠 [라이트 베이지]"", ""코튼 린넨 와이드 이지 팬츠 [카키]"", ""new 베이직 코튼 뉴스보이캡 베이지"", ""왁스캔버스 카키 브리프케이스 (올리브 왁스)"", ""에버라스트 겨울 남자 퍼 워커 부츠"", ""athletic track jacket pigeon blue"", ""셔링 셔츠 옥스퍼드 블루 스트라이프"", ""112 spitfire [cream] sanforized"", ""lb twill baseball cap (khaki)"", ""daypack 25l orange"", ""스웨이드 검 - 브라운:검 / 381174-02"", ""m65 blouson jacket olive (heritage ver.)"", ""2pack coolmax c-logo tee"", 
""new balloon snap pants for fw beige"", ""nylon jungle hat black"", ""보스턴 타바코브라운 960811"", ""코튼 마운틴 자켓 베이지"", ""오버핏 아치 로고 스웨트 셔츠-오트밀"", ""벌룬 팬츠 올리브"", ""black fives black generic 47 clean up"", ""어반 쿠리어 백 미디움_코요테"", ""(남성) 유니크 엑소 - 트리플 블랙 [kn1019286j3]"", ""denim jacket t5 [black]"", ""cozy henlyneck long sleeve [ivory]"", ""washed-canvas balloon-fit pants (beige)"", ""new stickcap black"", ""sally  c2"", ""바버 타탄 미니 엄브렐라 - 타탄"", ""[men] 코만도 첼시 부츠 - 다크올리브 mfs9016rmadov"", 
""엔젤 와펜 가디건 블랙"", ""eg relaxed shirts white"", ""슬로우 (체크)"", ""washing bold ct brown newsboy cap 뉴스보이캡"", ""노벨 크로스백 (베이지)"", ""보스턴 sfb 모카 660461"", ""22ss utility mountain jacket black"", ""color rib classic fit sweat shirt -oatmeal / grey melange-"", ""루즈테이퍼드 팬츠 olive"", ""왁스캔버스 카키 브리프케이스 (올리브 왁스)"", ""이스트 yeast ecru_butter"", ""eg relaxed shirts white"", ""퍼티그 팬츠 브라운"", ""bs vin scarf (mustard)"", ""스몰 아리엘 트라우트 피싱 백 헤이즐넛"", ""남화캐쥬얼 camaleon 1975 k100674-013"", 
""levi s® red 엔지니어 코트_a2691-0000"", ""21ss arch logo s/s tee oatmeal"", ""levi s® red 루즈 테이퍼 트라우저_a2696-0001"", ""washing black denim newsboy cap 데님뉴스보이캡"", ""belt bag - waxed canvas ( 벨트백 왁스캔버스 ) ( camel )"", ""스타마스터 코듀로이 white/beige"", ""m65 blouson jacket olive (heritage ver.)"", ""[22ss] 뉴필드 후드 회색 smhd4457"", ""steady balloon snap pants khaki"", ""doll 47 안경 크림"", ""퍼시 캔버스 토트백 베이지"", ""bw 아미 - 초크화이트 / gx4558"", ""코튼 트윌 워크 자켓 올리브 cjk101"", 
""stripe round t_olive"", ""oversized cotton nylon pants [beige]"", ""dusk planet bracelet"", ""3pocket helmet bag - khaki (j13phbkk)"", ""비앤씨 베이지 검솔"", ""22ss utility mountain jacket olive green"", ""헤비 코튼 오버 럭비 맨투맨 _midnight blue"", ""washed-canvas balloon-fit pants (beige)"", ""peace silver bracelet"", ""rumple bag / khaki"", ""세컨더리 벌커나이즈 캔버스 (secondary vulcanized canvas shoe (biscuit)) [bvn2072]"", ""ma-1 blouson jacket grey"", ""베츠 럭비 카라 배색 롱슬리브 네이비"", ""와이드 퍼티그 팬츠 t02 올리브"", 
""sailor bucket hat khaki grey"", ""데일리 코튼 미니 메신저백 (beige)"", ""german military panna (exclusive edition)"", ""미디움 피쉬테일 하프 야상 카키"", ""cozy corduroy beige shacket"", ""sa 투턱 벌룬핏 트윌 카고 팬츠_브라운"", ""en bandana (mustard)"", ""vintage mail bag_wax canvas camel"", ""이스트 yeast anthracite_wood"", ""피쉬테일 더플 코트_카키"", ""핀더 와이드 코듀로이 셔츠 아이보리 / gmcjk04-1791fw21"", ""w 카룬 4209 카고 벌룬핏 베이지 팬츠"", ""브랜든 블랙 뿔테 안경 glasses"", ""보헤미안 (블랙)"", ""german military black (exclusive edition)"", 
""contrast cotton jacket_light beige"", ""dyeing 포켓 오버핏 긴팔 셔츠(베이지)"", ""seaside utility pants (khaki moss)"", ""서울컬렉션 익선 블랙"", ""211334 토트백 211334 tote bag 21fw"", ""코닥 메틱 beige"", ""스트링 에센셜 후디 쉘 파카_샌드베이지"", ""baseball sweatshirt (oatmeal)"", ""warm-fleece balloon pants (khaki)"", ""wg basic bracelet (brown)"", ""타이벡 트윈 포켓백 크래프트"", ""파이 하이피칸 pie hi_pecan"", ""m65 wind breaker khaki grey"", ""해비 코튼 썸홀 후디 : 12color"", ""벌룬 팬츠 올리브"", ""wb gemstone bracelet (beige)"", 
""d89 메신저백 블랙 / 11052301"", ""wstar sonny ws210727 brown"", ""basic sweatshirts navy"", ""new balloon snap pants for fw beige"", ""wool brown belted newsboy cap 뉴스보이캡"", ""왁스캔버스 카키 브리프케이스 (올리브 왁스)"", ""이스트 yeast anthracite_wood"", ""m65 blouson jacket dark grey"", ""border t-shirt [midnight vanilla]"", ""wide officer pants navy"", ""킨로스 백 네이비"", ""콜체스터(colchester) nick 스니커즈 (mens) c720058mb-m"", ""ray yacht parka olive"", ""2턱 와이드 팬츠 네이비"", ""따숨이 숏비니(브라운)"", ""라지 아리엘 트라우트 피싱 백 헤이즐넛"", 
""스웨이드 클래식 xxi - 레드:화이트 / 374915-02"", ""punt zip up work jacket (beige)"", ""classic logo heavy sweat shirt_melange grey"", ""uxp climbing chino pants khaki"", ""프리모 캔버스 토트백 아이보리 브라운"", ""wallabee m 26156605"", ""22ss raf mk3 jacket l green"", ""오버 바이오 스마일 셔츠 라이트그레이"", ""이지 카펜더팬츠_오크브라운"", ""프롤로그 크로스백 (와인)"", ""몬터 화이트"", ""ecwcs 파카 자켓 카키"", ""오버핏 스트라이프 럭비 니트_mustard"", ""코튼 와이드 테이퍼드 크롭 팬츠 베이지"", ""에콴디노햇 스페셜 와치캡 비니 머스타드"", 
""라지 아리엘 트라우트 피싱 백 헤이즐넛"", ""캐치볼 x 이스트하버서플러스 _ 애버그린 패드"", ""오버사이즈 코듀로이 트러커 재킷 [베이지]"", ""스웨트셔츠 [브라운]"", ""코튼 린넨 와이드 이지 팬츠 [카키]"", ""new 베이직 코튼 뉴스보이캡 베이지"", ""hook classic - nude beige"", ""스몰 아리엘 트라우트 피싱 백 헤이즐넛"", ""파이 로우피칸 pie lo_pecan"", ""22ss utility mountain jacket black"", ""[로우로우x이벳필드] 베츠 풀로고 스웻셔츠 카키"", ""(unisex) 기프트 체크 셔츠"", ""m65 balloon pants beige"", ""s.s.g watch cap (pumpkin orange)"", 
""[hazzys phiz][남녀공용] 오프화이트 피즈크루 빅로고 에코백"", ""이유 70s 로우  카키"", ""유니섹스 오버핏 m-51 피쉬테일 파카 v3 카키"", ""소프트코튼 7g 싱글 헨리넥 베스트 brown"", ""[코듀로이]헤비 s85 아이보리"", ""코듀로이 와이드 팬츠_아이보리"", ""wool beret brown"", ""6 pocket 3 way bag_wax canvas camel [왁스캔버스]"", ""wallabee m 26162646"", ""hooded fishing parka orange"", ""ath sweat(gymnastics club)_green"", ""m65 balloon pants beige"", ""브랜든 블랙 뿔테 안경 glasses"", ""d89 메신저백 크로스백"", ""오리지날 플러스 홀리데이 _ 다크 그린"", 
""587 fishtail coat padding_khaki"", ""린넨 미드 라인 셔츠_베이지"", ""코튼 스트레이트 팬츠 베이지"", ""cool brown newsboy cap 뉴스보이캡"", ""밀리터리 헬멧백 helmet bag - 왁스캔버스 ( camel )"", ""스니커즈 low8 holes cactus"", ""ray wind parka beige"", ""오버사이즈 스트라이프 긴팔 티셔츠_베이지(en2csmt510a)"", ""fleece belted ivory beret 후리스 베레모"", ""메모리얼 크로스백 (카키)"", ""german military panna (exclusive edition)"", ""리버시블 항공 점퍼 카키"", ""티핑 포인트 후드 카키 ishd9096"", ""a.p 치노 팬츠 아이보리"", ""푸마 x 메종 키츠네 피셔맨 비니 - 브라운 / 023550-01"", 
""[로우로우x이벳필드] 스트링 크로스백 블랙"", ""스웨이드 검 - 브라운:검 / 381174-02"", ""퍼스트 포켓  왁스 자켓 블랙"", ""베츠 브이넥 배색 니트 그린"", ""오버핏 포켓 체크셔츠 오렌지"", ""comfortable pants (khaki)"", ""노맨틱 로얄 체크 와이드 머플러 틸 블루"", ""canvas bag ivory"", ""클레오 방한 슬립온 퍼 스니커즈 운동화 카멜"", ""유틸리티 트랜지셔널 리버시블 재킷 노마드카키 10021950-a04"", ""vtg workless sweatshirts oatmeal"", ""코듀로이 와이드 밴딩팬츠 (베이지)"", ""beanie / monk fit / orange"", ""vintage mail bag_wax canvas camel"", 
""척 70 클래식 파치먼트 162053c"", ""mountain padding vest _ olive"", ""hooded short parka d.beige"", ""vtg nsc logo sweatshirts oatmeal"", ""[남녀공용] cu20-4 코듀로이 트라우저 카키 cu204pt01kh"", ""angler cap (brown)"", ""스퀘어 미니 숄더 크로스백 (아이보리)"", ""모노 베이지"", ""miller heavyweight cardigan dust"", ""vtg us army sweatshirts oatmeal"", ""코듀로이 와이드 벌룬 밴딩 팬츠  - khaki"", ""beanie / rib / loose / uc / d brown"", ""19 standard tote-mustard"", ""billy mens 슬립온 w830002nb-m"", ""usn n-1 deck jacket - khaki"", 
""collar button knit beige"", ""wide string cargo slacks pants - ivory"", ""belted bold corduroy beige newsboy cap 뉴스보이캡"", ""프리모 쁘띠 캔버스 토트백 아이보리 브라운"", ""1461 3홀 빈티지브라운 11838201"", ""uxp type-1 mountain utility parka brown"", ""린넨 미드 라인 셔츠_베이지"", ""크런치 코듀로이 밴딩 팬츠 딥베이지 yhlp2391"", ""hbt newsboy cap (brown)"", ""노트북에코백 (아이보리)"", ""alc100 german_sneakers beige"", ""벌키 브러쉬 다이아몬드 가디건 beige"", ""핀더 와이드 코듀로이 셔츠 아이보리 / gmcjk04-1791fw21"", 
""[t-03] 코듀로이 스탠다드 팬츠 모카"", ""타이벡 트윈 포켓백 화이트"", ""남자 팀버랜드 6인치 프리미엄 부츠 / 10061-713"", ""베이지 양털카라 필드 점퍼"", ""vtg ny arch logo sweatshirts oatmeal"", ""utility ripstop pants khaki"", ""라지 아리엘 트라우트 피싱 백 카키"", ""에버라스트 겨울 남자 퍼 워커 부츠"", ""uxp type-1 mountain utility parka black"", ""heritage heavy weight half zip sweat grey"", ""uxp climbing chino pants khaki"", ""nylon hiking cap dark orange"", ""mini sacoshe bag blue"", ""wallabee 26155515"", ""퀼팅 시그니처 패딩 점퍼_brick"", 
""[코듀로이]헤비 s85 아이보리"", ""투턱 와이드 치노 팬츠 (beige)"", ""tartan check fringe scarf (orange)"", ""노벨 크로스백 (베이지)"", ""이스트 yeast pesto_pesto"", ""숏 몬스터 파카 short monster parka"", ""퀼팅 시그니처 패딩 점퍼_ivory"", ""[iv]tmr-mg005 [tmaker 맨투맨]"", ""코듀로이 팬츠 (브라운)"", ""belted bold corduroy khaki newsboy cap 뉴스보이캡"", ""프리모 쁘띠 캔버스 토트백 아이보리 브라운"", ""wallabee boot 26155516"", ""블랭크 플리스 가디건 5종 아이보리 sjot1292"", ""오버핏 포켓 체크셔츠 오렌지"", ""코듀로이 데일리 팬츠 베이지"", 
""mold cap / vntg / olive"", ""[fws x mazi untitled] reversible bandana bore bag _ ivory"", ""이스트 yeast wood_wood"", ""트위치 로고 리버시블 보아 플리스 베스트 베이지"", ""uxp string oxford shirts blue"", ""ctwd 하프 밴딩 코튼 벌룬 팬츠-올리브"", ""fingerless gloves"", ""프리모 캔버스 토트백 아이보리 카키"", ""파드레 v beige"", ""zip-up wool bellows jacket (brown)"", ""램스울 페어아일 크루넥 스웨터 (31684511)"", ""헤비 코튼 원턱 크림 팬츠"", ""bs denim hunting cap (denim)"", ""숏 머플러 off white"", ""ulb031_웨이브 가죽 숄더백 루이스_카멜 베이지"", 
""스페니쉬 보트슈즈 (오일리 연밤)"", ""벨루에 비건 울 더플 코트 (베이지)"", ""레트로 폰트 헤비오버핏  맨투맨 퍼플_기모"", ""seaside corduroy pants (olive green)"", ""21 코듀로이 와치캡 [mf]21 corduroy watch cap"", ""[unisex]퍼플 플라워 자수 크로스 메신저백_블랙"", ""canvas sneakers ivory flmpaa1u11"", ""폴라 익스플로러 파카 [베이지]"", ""오버사이즈 옥스포드 셔츠 [스카이 블루]"", ""레귤러 핏 코듀로이 팬츠 [카키]"", ""mold cap / twill cotton / d brown"", ""빈티지크로스카툰투포켓(카키베이지)"", ""billy mens 슬립온 w830002nb-m"", 
""military down short parka brown"", ""tmr o.t 맨투맨 [카키]"", ""유니섹스 오버핏 나이브 체크 셔츠-카키"", ""us m-65 field pants - black"", ""cashmere watch cap (orange)"", ""스쿼시 sl white"", ""컬러플러스 다운 자켓 khaki"", ""제리 울 니트 베스트 코코아 mjkn7524"", ""오버핏 프리크 체크 셔츠-레드"", ""washed-canvas balloon-fit pants (beige)"", ""lw 타이"", ""wallabee 26155518"", ""edgar n-1 deck jacket _ navy"", ""스너그 와이드 코듀로이 팬츠 (brown)"", ""compound - mahogany & gold"", ""라지 아리엘 트라우트 피싱 백 올리브"", ""civetta 2 brown (h1407)"", 
""로고 니들 포인트 점퍼 다크베이지"", ""1960 sweatshirts khaki"", ""플러프 무드 체크 셔츠 s24 브라운"", ""루즈테이퍼드 팬츠 black"", ""belted bold corduroy khaki newsboy cap 뉴스보이캡"", ""cb 하프 서클 크로스백 (블랙)"", ""german military panna (exclusive edition)"", ""오버핏 퀼팅자켓 [라이트카키]"", ""bonded fleece jacket ivory"", ""라이프 1936 스웨트셔츠 맨투맨_오트밀"", ""xp90 코듀로이 벌룬 팬츠 (brown)"", ""[남녀공용] cu20-4 니트 비니 브릭 cu204ac01bc"", ""심플 레터링 캔버스백"", ""billy mens 슬립온 w830002nb-m"", ""alpaca 2pocket heavy short coat [red brown]"", 
""felt emblem logo crewneck gray"", ""옥스포드 셔츠 스트라이프 베이지"", ""벌룬 팬츠 크림"", ""damp check muffler_black/mustard"", ""내추럴 왁스캔버스 토트백"", ""wallabee boot 26155516"", ""stripe polo l/s tee ivory"", ""앵클컷 코튼 벌룬 팬츠 올리브"", ""슈트릭바렌 오리지널 와치캡 와파거 레드"", ""왁스캔버스 헌터그린 브리프케이스 (올리브 왁스)"", ""black over sole tyrolean shoes"", ""monster parka grey"", ""reversible shrpa jacket brown (pkhawjk020_br)"", ""oversized alternate stripe tee _ beige"", ""relax fit 7 cut easy pants tan"", 
""hbt newsboy cap (brown)"", ""라지 아리엘 트라우트 피싱 백 카키"", ""목토 6인치 브라운 814-4203"", ""아카이브 몬스터 파카(fe2djd6102xgkh)"", ""og heavyweight sweatshirt _ ivory"", ""벌룬 팬츠 베이지"", ""bb glove - 3 colors"", ""lw 타이"", ""목토 6인치 토바코 804-4200 (스틸토)"", ""edgar n-1 deck jacket _ olive"", ""[코듀로이]헤비 s85 아이보리"", ""위켄드 토트 크로스백 (아이보리)"", ""파드레 v beige"", ""퍼스트 포켓  왁스 자켓 블랙"", ""embroidery rugby split crewneck black / cream"", ""denim overall ver.1 black"", ""스몰 아리엘 트라우트 피싱 백 헤이즐넛"", 
""밀리터리 스탠다드 코듀로이 _ 러스트 오렌지"", ""warm-fleece heritage cardigan (gray)"", ""vtg us army logo sweat hood black"", ""warm-fleece balloon pants (gray)"", ""sa 니트 스컬 캡_블랙"", ""2way pouch bag green"", ""컴피 모카신 브라운"", ""wool knit toggle-button cardigan (khaki)"", ""unisex tencel side shirts brown"", ""warm-fleece balloon pants (khaki)"", ""무심한듯 박시한 쇼퍼백 53 페이즐리 에코백- all ivory"", ""타비 s37ws0578 p4291 t8013 남자 스니커즈"", ""21fw shelter down parka burgundy"", ""vtg navy sports arch logo sweatshirts 1% melange"", 
""two tuck wool slacks black"", ""applique r symbol ball cap [indigo blue]"", ""dual pocket messenger bag / black"", ""503 5.5cm 미니멀 스퀘어 더비"", ""가드너 양털 배색 웰론 점퍼 웜그레이"", ""n1 코듀로이 오버핏  셔츠 자켓_카키"", ""16s banding pants 베이지"", ""pl tweed hunting cap (slate grey)"", ""메모리얼 크로스백 (베이지)"", ""6인치 목토 8847 - 블랙 체리 엑스칼리버"", ""노맨틱 퍼 리버시블 무스탕 베이지"", ""페어아일 크루넥 니트 fairisle crewneck knit"", ""new balloon snap pants for fw beige"", ""쁘띠 머플러 - 에크루"", 
""타이벡 트윈 포켓백 크래프트"", ""billy mens 슬립온 w830002nb-m"", ""스웨이드 숏 다운 자켓 베이지 x 브라운"", ""마이애미 스웨트셔츠(베이지그레이)"", ""serdin shirts - yellow"", ""와이드 절개 벌룬팬츠 코튼 카키"", ""beanie / monk fit / brown"", ""페이퍼 레더백 l [아이보리]"", ""이스트 yeast ecru_butter"", ""왁스 헌팅 자켓"", ""소프트코튼 7g 싱글 헨리넥 베스트 black"", ""옥스포드 셔츠 화이트"", ""퍼티그 팬츠 브라운"", ""cool brown newsboy cap 뉴스보이캡"", ""라지 아리엘 트라우트 피싱 백 카키"", ""8053 블랙 나파"", ""[리뉴얼 ver](unisex)덕다운  g 로고 패딩_캬라멜브라운"", 
""tmr 오피스룩 맨투맨 [크림]"", ""오버핏 프로우 체크 셔츠-베이지"", ""wide officer pants grey olive"", ""tartan check fringe scarf (orange)"", ""목토 6인치 토바코 814-4200"", ""[리버시블]플리스 & 패딩 베스트 v2 라이트 카키"", ""올데이 폴라티 브라운 jelt6539"", ""벌룬 팬츠 베이지"", ""new stickcap color mix orange mix"", ""위켄드 토트 크로스백 (카키)"", ""파드레 v beige"", ""oscar fishtail jacket 002 _ ivory"", ""vtg us army sweatshirts oatmeal"", ""코듀로이 와이드 벌룬 밴딩 팬츠  - khaki"", ""flare knit beanie (fl-710)"", ""올드스쿨 - (피그 스웨이드) 홀리데이 스파이스:데미타스 / vn0a5jmi8db1"", 
""헤비 패디드 클립 롱 패딩 카키 fpj208"", ""코듀로이 퍼티그 베스트 체스트넛"", ""핀더 와이드 코듀로이 셔츠 아이보리 / gmcjk04-1791fw21"", ""코듀로이 와이드 밴딩팬츠 (베이지)"", ""lb tweed newsboy cap (brown)"", ""8 pocket 3 way bag_wax canvas camel"", ""남성 앵클부츠로우 camaleon 1975 k300419-002"", ""몬스터 덕다운 파카 베이지 jjot7521"", ""아가일 오버핏 니트 - 브라운"", ""터틀넥 폴라티 아이보리"", ""츄로스 코듀로이 밴딩 팬츠 베이지 cjlp7423"", ""cashmere fingerless gloves (brown)"", ""canvas newsboy bag (khaki)"", ""체르마트 퍼 밍크 1020055"", 
""밀리터리 지퍼 v 넥 다운 자켓 - 올리브 / taion-101zml-1-olive"", ""시티보이 빅오버 워싱 데님 셔츠_light blue"", ""[패키지] 에센셜 레이어드 롱 슬리브 티셔츠"", ""washed easy jean blue"", ""tar (compact) 48 - black"", ""wallabee 26155515"", ""m1924  오버핏 코듀로이 트러커 자켓 (베이지)"", ""m2064 울 라운드넥 가디건 (네이비)"", ""m2023_시티라이프 스티치 셔츠 (소라)"", ""m2040_퍼티그 팬츠 (카키)"", ""clift(48) bld"", ""helmet bag - olive"", ""레인지 투웨이 푸퍼 카키 yhot2363"", ""[iv]tmr-ml001 [tmaker 맨투맨]"", ""코듀로이 퍼티그 팬츠 체스트넛"", 
""soft suade beige newsboy cap 뉴스보이캡"", ""20 2웨이 베리어스백-베이지"", ""wallabee m 26156605"", ""wep down jacket (olive drab)"", ""리버시블 플리스 베스트 rev fleece vest"", ""corduroy shirt standard fit burgundy"", ""코튼 스트레이트 팬츠 베이지"", ""belted bold corduroy khaki newsboy cap 뉴스보이캡"", ""캔버스 미니백 [베이지]"", ""모카신 로퍼 expresso"", ""foundland fleece jacket olive"", ""한복 워커 재킷 - 샌드 / fw21-03-07a"", ""유니섹스 플랙스 오버핏 골지 폴라 니트 베이지"", ""코듀로이 벌룬핏 밴딩 팬츠 (black)"", 
""패디드 버킷 햇 - 차콜 / fw21-05-03a"", ""클램백 (블랙)"", ""루이스 레더 화이트"", ""오리지널 m65 피시테일 파카_블랙"", ""퀼팅 시그니처 패딩 점퍼_brick"", ""embroidery handsome dan corduroy shirt ivory"", ""take a hike cargo pants/black"", ""오디너리 오버핏 코튼 볼캡 베이지"", ""크로스백 티니 메신저 - sand"", ""[bolla] b7422 kaki 스페인 스니커즈 made in spain"", ""cal duffle coat ka [ivory]"", ""유니온 스웨트셔츠 네이비"", ""벌룬 팬츠 올리브"", ""wool hc stole (beige)"", ""라지 아리엘 트라우트 피싱 백 네이비"", ""파이 애플 pie apple"", 
""다운 푸퍼 숏 패딩 재킷 [카키]"", ""쉐르파 플리스 집업 베스트 [베이지]"", ""플랫 테리 오버사이즈 스트링 스웨트셔츠 [머스터드]"", ""와이드 코듀로이 팬츠 [라이트 베이지]"", ""[사르토르] 헤링본 머플러 3종 golden brown herringbon"", ""포스트백 [누벅 카라멜]"", ""german military panna (exclusive edition)"", ""edgar n-1 deck jacket _ olive"", ""1960 crew neck knit green"", ""warm-fleece balloon pants (black)"", ""hbt newsboy cap (brown)"", ""tartan check fringe scarf (olive)"", ""파드레 vv black"", ""shell down parka brown"", ""warm up quilting vest khaki"", 
""unisex short collar shirts white"", ""리지드 인디고 데님 벌룬 팬츠"", ""코코넛 믹스 칼라 머플러 브라운"", ""오리지널 빅 메신저백 블랙"", ""스퍼브 코듀로이_superb corduroy khaki_jd13"", ""미쉐린 웰론 숏패딩 pd-100_lk"", ""코듀로이 퍼티그 베스트 체스트넛"", ""heavy 8w corduroy shirt jacket _ ivory"", ""퍼티그 벌룬 코듀로이 팬츠 mpt110 [khaki]"", ""thunder ivory corduroy earflap cap 귀달이모자"", ""lw 타이"", ""모카신 로퍼 expresso"", ""숏 몬스터 파카 short monster parka"", ""울 블랜디드 니트 wool blended sweater"", ""fatigue rib army balloon pants - ivory"", 
""brown low poly newsboy cap 뉴스보이캡"", ""aw basic touch gloves (brown)"", ""lw 블랑코크로스l"", ""코니 플레인_connie plain tan beige_jd13"", ""vincent m65 fishtail parka 003 _ ivory"", ""시티보이 빅 히트 셔츠-브라운"", ""ctwd 하프 밴딩 코튼 벌룬 팬츠-올리브"", ""wicked_br"", ""프리모 캔버스 토트백 아이보리 카키"", ""목토 6인치 블랙월넛 814-4266 (120주년한정판)"", ""uxp type 1 ma-1 bomber jacket grey"", ""리버시블 플리스 베스트 rev fleece vest"", ""nylon 3 pocket shirt jacket _ beige"", ""ctwd 하프 밴딩 코튼 벌룬 팬츠-베이지"", 
""mold cap / twill cotton / d brown"", ""노트북에코백 (아이보리)"", ""모카신 슈즈 expresso"", ""c 로고 울 바시티 자켓 카키"", ""벌키 브러쉬 아가일 가디건 brown"", ""[리뉴얼] b-스테디 하프 폴라넥-아이보리"", ""와이드 카고 코듀로이 팬츠 (브라운)"", ""lb tweed newsboy cap (brown)"", ""lw 타이"", ""sl702 저먼 skate boarder"", ""3pocket fleece jacket brown"", ""wrinkle shirt jacket (khaki)"", ""미드90 루즈핏 배기 코듀로이 팬츠 아이보리"", ""black newsboy cap 뉴스보이캡"", ""billy mens 슬립온 w830002nb-m"", ""구스다운 클라우드 패딩 (브라운)"", 
""og pigment dyeing long sleeve _ brown"", ""ctwd 하프 밴딩 코튼 벌룬 팬츠-베이지"", ""lb tweed newsboy cap (brown)"", ""토트 탄브라운"", ""sl835 ww2 미해군 트레이너 카키"", ""세미 오버 푸퍼 숏 패딩_베이지"", ""아가일 모헤어 니트 가디건 베이지"", ""피그먼트 루즈핏 셔츠 베이지 smls4058"", ""코듀로이 벌룬핏 밴딩 팬츠 (beige)"", ""belted bold corduroy khaki newsboy cap 뉴스보이캡"", ""타이벡 트윈 포켓백 크래프트"", ""wallabee 26155515"", ""m 리버시블 롱 피쉬테일 점퍼 m reversible long fishtail jp"", ""quilted liner jacket khaki"", 
""(올시즌) 베이직 세미 오버핏 레이어링 셔츠 화이트"", ""베드포드 코드 팬츠 올리브"", ""heavy weight marine watch cap (brown)"", ""fingerless / udc / melange / wood brown"", ""목토 6인치 브라운 814-4203"", ""baseball sweatshirt (oatmeal)"", ""overfit check shirts_black"", ""french m47 field pants - brown"", ""fingerless gloves (burnt orange)"", ""라지 아리엘 트라우트 피싱 백 카키"", ""파이 하이피칸 pie hi_pecan"", ""ecwcs level 7 parka beige olive"", ""relax fit 7 cut easy pants tan"", ""alpaca fleece muffler / udc / caramel brown"", 
""왁스캔버스 헌터그린 브리프케이스 (올리브 왁스)"", ""볼더 boulder [m-6402] (wheat)"", ""패디드 발마칸 코트 padded balmacaan ct"", ""레브 어니언 퀼팅 자켓 카키"", ""유니섹스 오버핏 나이브 체크 셔츠-카키"", ""curve maxi cream jeans"", ""시그니쳐 와펜 울 숏 비니 (카키)"", ""레토백 아이보리"", ""real leather vintage low top"", ""corduroy varsity jacket _ dark orange"", ""1960 crew neck knit black"", ""heavy 8w corduroy shirt jacket _ ivory"", ""cb 벌룬 카고조거팬츠 (카키)"", ""tar (compact) 48 - warm grey"", ""위켄드 토트 크로스백 (아이보리)"", 
""이스트 yeast anthracite_black"", ""코듀로이 후디드 봄버 점퍼 (브라운)"", ""camp wildflower knit pullover/linen"", ""엘보우 다이아몬드 스티치 s68 베이지"", ""corduroy curve pants cream beige"", ""wg basic bracelet (brown)"", ""코튼스퀘어(에크루)"", ""german military panna (exclusive edition)"", ""레귤러핏 스탠다드 기모 맨투맨 [브라운]"", ""스트링 카고 팬츠[그린]"", ""classic logo point wool beanie_dark brown"", ""aud slingbag [tan beige]"", ""스케이트 하이 짐 이슈 - (반스 월드 코드) 그레이프 리프:블랙 / vn0a5jiua061"", ""다운 패딩 chino"", 
""와이드 팬츠 olive"", ""스터드 로고 오버핏 울 트루퍼햇 블랙"", ""크루스 와일드 크로스백　xvfu10105blk"", ""목토 6인치 토바코 804-4200 (스틸토)"", ""다운 푸퍼 숏 패딩 재킷 [카키]"", ""쉐르파 플리스 집업 베스트 [베이지]"", ""베이식 코듀로이 셔츠 [다크 오렌지]"", ""와이드 코듀로이 팬츠 [베이지]"", ""캐시미어 아이리쉬 니트 글로브 오트밀"", ""메신저백 messenger bag - ys2068ag 에쉬그레이"", ""옐로이시 브라운 옥스포드 스니커즈 (bc17k1c11b)"", ""리버시블 트래블러 패딩 네이비 fpj205"", ""올리버 스웻셔츠 (그레이)"", ""modoo pants 모두바지 코듀로이 (brown)"", 
""mold cap / twill cotton / d brown"", ""브러쉬브라운 왁스캔버스 토트백"", ""파드레 v beige"", ""브라우니 롱 플리스 더플자켓 khaki"", ""유니온 스웨트셔츠 카키"", ""옥스포드 셔츠 스트라이프 베이지"", ""벌룬 팬츠 블랙"", ""new stickcap color mix orange mix"", ""빅 쇼퍼백 tan"", ""코듀로이 후디드 봄버 점퍼 (브라운)"", ""퀼팅 시그니처 패딩 점퍼_ivory"", ""charms embossing sweatshirts br"", ""퍼티그 팬츠 올리브"", ""밀리터리 업사이클링 토트백 벙커 쿠겔 017"", ""더 네버원 스웨이드 빈티지 - 블랙:화이트:옐로우 / 383322-01"", ""오리지널 몬티 575 black"", 
""씨티 맨투맨(오트밀)"", ""퍼안감 체크 본딩 셔켓[navy](uxbls10)"", ""위켄드 크로스백 605 khaki"", ""이유 70s 로우  카키"", ""match sweatshirts (smile x rugby)"", ""urh - c - 003 - xanadu - ol"", ""bb glove - 3 colors"", ""캐치볼 x 이스트하버서플러스 _ 그레이지 패드"", ""rosebowl champions sweatshits m그레이"", ""(unisex) 기프트 체크 셔츠"", ""코튼 턱 팬츠 cotton tuck pt"", ""heavy canvas needlework bag _ olive"", ""파드레 vv chocolate"", ""리버시블 피쉬테일 파카 (black)"", ""[hazzys phiz] unisex 그린 타이포로고 자수 카라니트"", 
""xp90 코듀로이 벌룬 팬츠 (brown)"", ""rc e479 khaki glass"", ""오리지널 니트 글러브 브라운"", ""하들리 프로 2020 - 블랙 / 탄"", ""크러스트 crust ecru_butter"", ""클래식 덱자켓 (카키)"", ""b&c sweatshirt _ brown"", ""[코듀로이]헤비 s85 아이보리"", ""벌룬 팬츠 베이지"", ""pl tweed hunting cap (slate grey)"", ""lw 브래드크로스 l"", ""모카신 로퍼 sierra brown"", ""피시테일 파카 [블랙]"", ""브이넥 라이트 다운 베스트 [초코 브라운]"", ""헤비웨이트 오버사이즈 후디드 스웨트셔츠 [더스티 카키]"", ""레귤러 핏 카고 팬츠 [베이지]"", ""(cotton) watch cap [dark gray]"", 
""파세오 베이직 토트-네추럴/올리브"", ""elbert 2 ch brown (h1408)"", ""립 퀼팅 피쉬테일 패딩 -  khaki"", ""1960 sweatshirts oatmeal"", ""[리뉴얼]스테디 와이드 체크 셔츠-베이지"", ""nylon balloon pants _ black"", ""belted bold corduroy white newsboy cap 뉴스보이캡"", ""위켄드 토트 크로스백 (아이보리)"", ""파드레 v beige"", ""coverall jacket beige"", ""[남녀공용] cu20-4 코듀로이 셔츠 자켓 차콜 cu204ou03ch"", ""[남녀공용] cu20-3 데님 퍼티그 팬츠 블랙 cu203pt01bk"", ""바버 타탄 램스울 스카프 - 네이비"", ""모노플로우 퀼팅백 [mf]quilted bag"", 
""컴피 모카신 블랙"", ""edgar n-1 deck jacket _ beige"", ""heavy 8w corduroy shirt jacket _ ivory"", ""ctwd 하프 밴딩 코튼 벌룬 팬츠-베이지"", ""belted bold corduroy beige newsboy cap 뉴스보이캡"", ""cotton mini cross bag (beige)"", ""모카신 슈즈 sierra brown"", ""리버시블 트래블러 패딩 네이비 fpj205"", ""라이프 1936 스웨트셔츠 맨투맨_오트밀"", ""nylon balloon pants _ olive"", ""volcom x new era 익스플로러 스톤와펜 버킷햇(카키)"", ""20 2포켓 베이직 토트-네추럴"", ""스니커즈 low8 holes tobacco"", ""아웃 포켓 다운 숏 패딩 재킷 [더스티 베이지]"", 
""오버사이즈 코듀로이 트러커 재킷 [라이트 브라운]"", ""캐시미어 100 터틀 넥 니트 [베이지]"", ""원 턱 레귤러 핏 치노 팬츠 [베이지]"", ""origin logo short beanie beige(mg2afmab23a)"", ""메모리얼 크로스백 (카키)"", ""남성 roamer hi 브라운_mroahgv-2013"", ""21fw light down parka brown"", ""1960 pullover hoodie sage green"", ""와이드 절개 벌룬팬츠 코튼 차콜"", ""belted bold corduroy khaki newsboy cap 뉴스보이캡"", ""[original] sacoche bag (khaki)"", ""재스퍼 브라운 양털 슬리퍼"", ""dyer hooded down parka beige"", ""kinds roof label hoodie (deep cream)"", 
""corduroy curve pants brown"", ""wool heritage handsome dan muffler brown"", ""시나리오 크로스백 (베이지)"", ""클래식 슬립온 98 dx pw - (애너하임 팩토리) 퀼티드 믹스 / vn0a5hzn9gu1"", ""karakoram goose down parka_olive green"", ""os logo st oxford shirt_navy"", ""스위치 핀턱 와이드 팬츠 (그레이)"", ""lb wool baseball cap (navy)"", ""rc e375 cocoa glass"", ""[made in italy] m505 베이직 로퍼 스웨이드 다크 브라운"", ""nylon hooded puffer down parka _ light khaki"", ""v.s.c sweat(navy)_navy"", ""프레드릭 오버핏 울 체크 셔츠"", 
""lb tweed newsboy cap (brown)"", ""라지 아리엘 트라우트 피싱 백 헤이즐넛"", ""세컨더리 벌커나이즈 캔버스 (secondary vulcanized canvas shoe (biscuit)) [bvn2072]"", ""21fw shelter down parka black"", ""nylon 3 pocket shirt jacket _ light khaki"", ""자이언트핏 코듀로이 카고팬츠(베이지)"", ""lb cotton brimless cap (khaki)"", ""타이벡 트윈 포켓백 화이트"", ""튜보 코지 아이보리"", ""martin nynf duffle - landscape"", ""1960 crew neck knit burgundy"", ""톰 코튼 팬츠 차콜 mjlp7517"", ""캔디 숏 비니(라이트 베이지)"", ""[fws x mazi untitled] reversible bandana bore bag _ ivory"", 
""컴피 모카신 브라운"", ""ecwcs level 7 parka grey olive"", ""miller heavyweight cardigan dust"", ""patch stripe boat neck 002 _ navy"", ""퍼티그 코듀로이 팬츠 (cream)"", ""linen-cotton newsboy cap (brown)"", ""lw 브래드크로스 l"", ""파드레 v beige"", ""아가일 오버핏 니트 - 베이지"", ""와이드 카고 코듀로이 팬츠 (브라운)"", ""n214aha620 레더로고비니 black"", ""메모리얼 크로스백 (베이지)"", ""wallabee 26155519"", ""[스탠다드]21fw oversized m65 hood short down parka black"", ""bold stripe rugby tee _ ivory / navy"", ""jungle cloth basic chino pants khaki"", 
""brown low poly newsboy cap 뉴스보이캡"", ""helmet bag - olive"", ""duffle coat khaki beige"", ""os logo rugby tee_navy"", ""와이드 절개 벌룬팬츠 코튼 카키"", ""시티워커 메신저백 beige"", ""스타일 36 - (스웨이드/캔버스) 스카라브:토니 포트 / vn0a54f66781"", ""bonded fleece jacket ivory"", ""denim over shirts washed"", ""relax fit 7 cut easy pants tan"", ""비니 아이슬란드 - 브릭"", ""[남녀공용] cu20-4 코듀로이 머플러 카키 cu204ac02kh"", ""파드레 tobacco"", ""edgar n-1 deck jacket _ black"", ""코듀로이 퍼티그 베스트 체스트넛"", 
""코듀로이 밴딩 카고 팬츠 카키"", ""deep black wool newsboy cap 뉴스보이캡"", ""wb gemstone bracelet (beige)"", ""파드레 tobacco"", ""587 fishtail coat padding_khaki"", ""숏 퀼팅 자켓 올리브"", ""베이스트 헨리넥 긴팔티 브라운"", ""벌룬 데님팬츠 - 블랙"", ""tartan check fringe scarf (olive)"", ""메모리얼 토트 크로스백 (카키)"", ""1460 wp"", ""몬스터 덕다운 파카 그레이베이지 jjot7521"", ""레글런 터틀넥  램스울 (올리브)"", ""데일리 퍼티그 팬츠_카키"", ""new stickcap color mix orange mix"", ""트래블러 툴 캔버스 크로스백 7101 베이지"", 
""스니커즈 low8 holes leather elephant"", ""페어 아일 니트 fair isle sweater"", ""코튼 턱 팬츠 cotton tuck pt"", ""세이지 울비니 [fma]wool sage beanie"", ""세그먼트 백팩 (네이비/베이지)"", ""hamilton butter"", ""하프 더플 코트 (블랙)"", ""[ebfd x odp] 스트라이프 럭비셔츠 화이트"", ""스콘(f/w용) 와이드 벌룬팬츠 베이지 yhlp2386"", ""보일드 울 태슬 머플러 (옐로우)"", ""클래식 체크 장우산 - 2color"", ""캐치볼 x 이스트하버서플러스 코듀로이 _ 테라 디 시에나 브라운"", ""클래식 덱자켓 (카키)"", ""폴링 체크 셔츠 s43"", ""와이드 카고 코듀로이 팬츠 (블랙)"", 
""lb tweed newsboy cap (brown)"", ""3way bag grey"", ""스니커즈 low8 holes cactus"", ""3m 신슐레이트 m-51 피시테일 코트 패딩 블랙"", ""bold stripe rugby tee _ olive / navy"", ""벌룬 팬츠 베이지"", ""리버시블 버킷햇 chino x double navy"", ""스테빈 m30 메신저백 블랙"", ""로우 레더 러너 - 네이비"", ""[구스 다운]블랙 오버핏 볼륨 롱 다운 디테처블 후드 야상 점퍼 ieju1f005bk"", ""v.s.c sweat (olympia)_navy"", ""바이오워싱 시티보이 데님셔츠_블루"", ""워시드 퍼티그 벌룬 코튼 팬츠 mpt108 [black]"", ""머세드 코듀로이 헌팅캡 ouack3110-199"", 
""hbt two-way bag (black)"", ""[n.s.c x seven figures]marine deck type2-black"", ""리버서블 쉐르파 플리스 후디드 재킷 [베이지]"", ""오버사이즈 옥스포드 셔츠 [그레이]"", ""코튼 와이드 벌룬 팬츠 [카키]"", ""오버사이즈 코듀로이 버킷 햇 [라이트 브라운]"", ""코어 미디움 힙색 brown"", ""남성 카키 단화 스니커즈 운동화 (db32fs001aro)"", ""오버사이즈 멜톤 콘보이 더플 코트 네이비"", ""os logo rugby tee_navy"", ""코듀로이 루즈핏 핀턱 밴딩 팬츠  - ivory"", ""ginsberg 43 - 딥 다크 그레이 스모크"", ""빈티지크로스카툰투포켓(카키베이지)"", 
""alc100 german_sneakers beige"", ""믹시 리버시블 덕다운 숏패딩 브라운 deot4364"", ""올리버 스웻셔츠 (그레이)"", ""리지드 인디고 데님 벌룬 팬츠"", ""n214aha630 램스울 라벨 비니 khaki"", ""[사르토르] 헤링본 머플러 3종 golden brown herringbon"", ""크러스트 crust wood_redbean"", ""[리뉴얼 ver.][3m 신슐레이트] m-1965 피쉬테일 숏 파카_original khaki"", ""[asia] c로고 라운드넥 경량패딩 한국별주 (normal khaki) ckja1f830k2"", ""[세트상품]터틀넥 니트 티셔츠"", ""washed-canvas balloon-fit pants (beige)"", ""[남녀공용] cu20-4 코듀로이 머플러 카키 cu204ac02kh"", 
""ladder bag / wrinkle / npc / dark black"", ""로우 레더 러너 시즌 2 - 베이지"", ""stitch aviation over jacket -  black"", ""[asia] c로고 라운드넥 경량패딩 한국별주 (black) ckja1f830bk"", ""베이직 소프트 니트 터틀넥 아이보리"", ""[패키지] 츄로스 코듀로이 밴딩 팬츠 2pack cjlp7423"", ""헤리티지 숏비니(카키)"", ""cb 하프 서클 크로스백 (카키)"", ""스웨이드 레더 스니커즈 [베이지]"", ""b-9 liner parka_olive green"", ""1960 sweatshirts oatmeal"", ""[fw버전] 기모 옥스포드 세미오버 프렌치 셔츠_off white"", ""corduroy balloon pants _ beige"", 
""(herringbone)  beret - beige"", ""bethel (honey gold) 3 size 블루라이트 차단 안경  clip-on 뿔테"", ""파드레 vv chocolate"", ""corduroy toggle 4pocket jacket [black]"", ""[fw20]mellow knit vest(brown)"", ""오버핏 스트라이프 터틀넥 티셔츠"", ""fleece belted ivory beret 후리스 베레모"", ""pig skin shoulder bag beige"", ""슈 블랙브레드 choux black_bread"", ""버킷리스트 a1 자켓_kh"", ""리버시블 퀼팅 자켓(카키)"", ""하이넥짚업니트(모카베이지)"", ""코듀로이 워시드 트윈즈 팬츠 (charcoal)"", ""patch beanie_khaki"", ""더블 사이드 숄더 크로스백 (카키)"", 
""에어스니커즈 줄루 로우 카키"", ""오리지널 몬티 575 camel"", ""sa 테디 아가일 니트_브라운"", ""w70 와이드 핀턱 로우"", ""double pendant necklace."", ""20 2포켓 베이직 토트-올리브"", ""컴피 모카신 베이지"", ""유틸리티 마고자켓 001 khaki"", ""take a walk joggers/grey"", ""je토트백 (라지) _ 카키"", ""sl832 캐나다군 트레이너 스니커즈 브라운"", ""마이크로 퍼 덱 자켓 브라운"", ""루즈핏 플래그 자수 포켓 셔츠 블루"", ""ripstop cargo 팬츠 khaki"", ""비니 navy blue"", ""corduroy 토트백 ivory"", ""elbert 2 brown (h1408)"", ""shell down parka khaki"", 
""톰 코튼 팬츠 오트밀 mjlp7517"", ""lb tweed newsboy cap (brown)"", ""트위치 로고 보아 숄더백 브라운"", ""스웨이드 검 - 브라운:검 / 381174-02"", ""패널 플란넬 - 블랙 / ss21-02-05a"", ""mens 루즈핏 코듀로이 스트레이트 팬츠 (u0421cptn2)"", ""핸드브레이디드 레더 브레이슬릿 - 브라운"", ""캔버스 스니커즈 - 다크그린"", ""deck jacket khaki"", ""코듀로이 퍼티그 베스트 올리브"", ""overlap work shirt _ white"", ""워시드 퍼티그 벌룬 코튼 팬츠 mpt108 [ivory]"", ""lb linen newsboy cap (beige)"", ""cashmere blend knit muffler (ivory)"", 
""glyndon"", ""21 f/w fishtail  parka_black"", ""쓰레드 라인 플리스 집 업 자켓 -아이보리"", ""세미오버핏 타탄 체크 셔츠 [엄버 블랙]"", ""와이드핏 코튼 투 턱 팬츠-브라운"", ""watch cap (brown)"", ""1460 8홀 가우초 브라운 / 11822203"", ""us m-65 field jacket - olive"", ""basic sweatshirts oatmeal"", ""21fw casual one tuck easy slacks khaki brown"", ""urh - k - 001 - aeroheat - c br"", ""all-day back ballistic (beige)"", ""푸마 스매쉬 플랫폼 v2 스웨이드 - 화이트:블랙:검 / 373037-07"", ""3m 신슐레이트 무스 헤비 파카 mpj102 [black]"", 
""3m신슐레이트 패딩 퀼팅 자켓 mjk106 [khaki]"", ""[블랙] b-스테디 골지 니트 폴라넥-아이보리"", ""포켓 스트링 팬츠 pocket string pants"", ""heavy weight marine watch cap (brown)"", ""레옹"", ""[리뉴얼 ver.][3m 신슐레이트]오리지널 m-1965 피쉬테일 파카_vintage black"", ""워시드 퍼티그 벌룬 코튼 팬츠 mpt108 [beige]"", ""ch tweed hunting cap (brown)"", ""숏 머플러 camel"", ""멀티 3way 나일론 토트백 [라이트 브라운]"", ""비브람 코만도솔 스웨이드 모크슈즈 9008-s [black]"", ""m65 field liner jacket 003 _ olive"", ""아크 로고 후디 (그레이)"", 
""[패키지] 스콘 와이드 벌룬팬츠 2pack yhlp2350 / yhlp2386"", ""(just fit) cotton watch cap"", ""908 tote bag khaki"", ""deck jacket beige"", ""[패키지] 매치오버핏 셔츠 4종 bjls4410"", ""워시드 퍼티그 벌룬 코튼 팬츠 mpt108 [kahki]"", ""wool herringbone fringe stole (orange)"", ""cotton crinkie cross bag (ivory)"", ""b-20 8홀 올 라운드 슈즈 (tan brown)"", ""3m 신슐레이트 m-51 피쉬테일 패딩 야상 카키"", ""sh1304 스냅다운 셔츠-화이트"", ""corduroy balloon pants _ beige"", ""us air force helmet bag - foliage"", ""컴피 모카신 베이지"", 
""벨티드 무톤 자켓 (브라운)"", ""아치 로고 맨투맨 그레이"", ""오버핏 체크 셔츠 베이지"", ""와이드 카고 치노 팬츠 (카키)"", ""new stickcap irish khaki"", ""vintage mail bag_wax canvas camel"", ""남자 팀버랜드 프리미엄 추카 부츠 - 옐로우 / 23061-231"", ""리버시블 ma-1 (블랙/카키)"", ""(unisex) 아트 체크 셔츠"", ""cp-788 ov 원턱 와이드 팬츠_bg"", ""mcbry 데일리 숏 비니"", ""3볼츠 워크백_탄컬러"", ""italy creamy"", ""royal hunting jacket 002 _ black watch"", ""tmr o.t 맨투맨 [다크오렌지]"", ""m0038 오버핏 코튼 셔츠 (화이트)"", ""노르 세미와이드 팬츠 / gmp13(1)-1791ss21"", 
""brown low poly newsboy cap 뉴스보이캡"", ""데이지 팬던트 써지컬스틸 체인 커플팔찌 (c2101-ac797_sv)"", ""왁스캔버스 데님 브리프케이스 (블랙와치 왁스)"", ""유니섹스 스니커즈 나이브라인 ｜ sol (머스타드)"", ""디테처블 m-51 피시테일 파카 모스 카키"", ""steady balloon snap pants khaki"", ""[블루라이트 차단렌즈] richard-ob242-black"", ""시티워커 크로스백 m beige"", ""하이브리드 유닛 델타 - 에크루"", ""컨템포러리 크롭 데님 자켓 블루"", ""cb 벌룬 카고조거팬츠 (카키)"", ""helmet bag - olive"", ""스콘 카라멜 scone calamel"", ""코튼 마운틴 자켓 베이지"", 
""빈티지 오버핏 체크셔츠_베이지"", ""utility ripstop pants khaki"", ""퍼핀 브라운"", ""m-51 피시테일 코트 카키"", ""탑필 캐시미어 라운드 니트 (브라운)"", ""스콘(f/w용) 와이드 벌룬팬츠 베이지 yhlp2386"", ""(vintage cotton) classic big apple hat - vintage black"", ""레토백 아이보리"", ""이스트 yeast wood_wood"", ""[오리지널스]arc logo sweat shirt_navy"", ""oxford over shirts beige stripe"", ""british army pants olive"", ""lw 타이"", ""bw 아미 - 화이트 / bz0579"", ""플러프 무드 체크 셔츠 s24 브라운"", ""리얼 와이드 치노팬츠(카키)"", 
""[unisex]pigment beige bucket hat"", ""330 크로스백"", ""[남녀공용] 슈펜x비슬로우 독일군 스니커즈 byss20s65"", ""4pocket hunting shirt_olive green"", ""summer shorts (premium basic) - beige"", ""original fit cotton bucket hat black"", ""belt bag - waxed canvas ( 벨트백 왁스캔버스 ) ( camel )"", ""런던 하바나 166531"", ""ray wind parka camel"", ""tunnel rats t-shirt wheat"", ""us m-65 field pants - olive"", ""느베르 글라스 (라이트 레오파드)"", ""wb umbrella (brown)"", ""에이블러 비브람(abler vibram)-오렌지(orange)"", ""프론트 오버핏 데님 셔츠 중청"", 
""6pocket jungle pants [khaki] ver.4"", ""vra205-bk 애플워치 스트랩 메탈밴드 6 5 4 3 2 1 se 세대 38 40 42 44mm"", ""gp0183 neck mesh pouch - coyote"", ""하이브리드 유닛 엡실론 - 블랙"", ""m65 sweatshirts khaki"", ""오리지널 트윌 볼캡 베이지"", ""레옹"", ""유니크 ht 미드 - 캔틴/레이븐[kn1019977j3]"", ""21ss heavyweight pocket tee melange(8%)"", ""코튼 린넨 롱 와이드 밴딩 팬츠 [카키]"", ""wb bandana (red brown)"", ""s130293 aztec black/black"", ""us navy s/s tee off white"", ""twill balloon pants _ beige"", ""rise hunting / b embo / ivory"", 
""빈티지크로스카툰투포켓(카키베이지)"", ""화이트라벨 포켓 티셔츠 화이트"", ""steady balloon snap pants khaki"", ""21ss nylon jungle hat beige"", ""cn tie bag (ivory)"", ""취리히 sfb 타우페 1009532"", ""[패키지][chubby]embroidery tee (5color)"", ""유니섹스 스트레이트 카고 조거팬츠 카키 v2"", ""[팔찌][handmade]wnw bracelet type-004"", ""[팀벅2]클래식 메신저백 1108-2-6634 (s) (army)"", ""척 70 시즈널 컬러 노마드카키 168505c"", ""zip pocket s/s tee v.e"", ""미드90 루즈핏 배기 코튼 팬츠 베이지"", ""통가죽스트링 레이어드 팔찌 (c1801-ac439br)"", 
""빈티지 워싱 메신저 캔버스 크로스백"", ""s80421 aztec black/coffee"", ""us pullover s/s shirts light blue"", ""[패키지] 로우키 f/w 밴딩 조거 팬츠 2pack jjlp7529"", ""더블로프 피렌체 팔찌(발찌겸용) (c1502-ac176bk)"", ""no.8 the good shepherd_brown"", ""solid linen box shirts [cream]"", ""벨트 와이드 비조 반바지 - grey"", ""크라운듀 브라운 믹스 천연석팔찌"", ""cn tie bag (khaki)"", ""15az006j aztec sand/sand/black"", ""화이트라벨 포켓 티셔츠 화이트"", ""[g557600] 몬스터 포켓 오버롤 (olive x navy crz)"", ""3pocket s/s shirt jacket grey"", 
""제이슨 오버핏 반팔티셔츠 크림 kjst2365"", ""로우키 밴딩 쿨 벌룬 팬츠 모카브라운 cjlp7492"", ""bs linen hunting cap (ivory)"", ""앤틱패더 써지컬스틸 체인목걸이 (c2001-an637_sv)"", ""(남성) 유니크 ht - 그레이[kn1019952j3]"", ""natural linen shirts [natural]"", ""투턱 hbt 반바지_카키"", ""오빅 플랫 캡 ovik flat cap (77274)"", ""plain br2557"", ""클래식 슬립온 98 dx - (애너하임 팩토리) og 화이트 / vn0a3jexqwp1"", ""k87 워크웨어 포켓 반팔티셔츠 (20colors)"", ""[패키지] 스콘 와이드 벌룬팬츠 2pack yhlp2350 / yhlp2386"", ""coolmax stickcap mustard yellow"", 
""비건 푸딩 에코백 베이지"", ""라이트 오버핏 반팔 셔츠 베이지"", ""en gemstone bracelet (beige)"", ""플로리다 에코백 카키"", ""아리조나 블랙 051791"", ""유틸리티 커브 포켓 루즈핏 옥스포드 하프 셔츠 네이비"", ""two tuck linen pants cream beige"", ""(cotton) watch cap [ ivory ]"", ""에코 프랜들리백 지피 미디움 0036 크림"", ""취리히 sfb 타우페 1009532"", ""(22ss) 2 tone arch tee white"", ""steady balloon snap pants khaki"", ""(vintage cotton) classic big apple hat - vintage gray"", ""버즈안경 블랙"", ""[패키지] 로버스트 헤비 오버핏 반팔티셔츠 mst127 / 8color set"", 
""[g557600] 몬스터 포켓 오버롤 (black x brown crz)"", ""레트로 메신저백 베이지"", ""rc basic socks (white)"", ""척 70 빈티지 캔버스 네추럴 162211c"", ""워시드 퍼티그 벌룬 코튼 팬츠 mpt108 [kahki]"", ""21ss nylon jungle hat beige"", ""3볼츠 워크백_탄컬러"", ""double pocket s/s shirts light grey"", ""[오리지널스]wide fit two tuck selvage denim pants_indigo"", ""wg basic bracelet (blue)"", ""시그니쳐투웨이에코(에크루))"", ""보야 슬라이드 / 1099272-cchp"", ""멀티드 코튼 린넨 셋업 카키"", ""wb gemstone bracelet (beige)"", ""빈티지 워싱 메신저 캔버스 크로스백"", 
""ronda cs2005 all black"", ""뉴 파리지앵 클래식 니트 베스트 네이비"", ""매치오버핏 반팔셔츠 흰색 bjss4426"", ""steady balloon snap pants khaki"", ""rc e386 black silver 청광렌즈 ver 안경"", ""vintage mail bag_wax canvas camel"", ""rat oxford s/s over shirts blue"", ""캠프캡 002 beige"", ""feather bracelet (blue)"", ""no.8 the good shepherd_brown"", ""시티보이 빅오버 옥스포드 반팔 셔츠_white"", ""twill balloon pants _ olive"", ""supplex® long bill bucket hat grey"", ""bokjori string bag _ bandana black"", ""[패키지] 매치오버핏 셔츠 4종 bjls4410"", 
""m51 short pants khaki"", ""피싱 햇 (차콜)"", ""오리지널 컬러 바디백 블랙"", ""보스턴 sfb 타우페 560771"", ""leaguer check half shirts (eve.green)"", ""903 luggage bag beige"", ""새턴 반팔 화이트 eyst3387"", ""cotton fatigue pants regular fit beige"", ""오리지널 로우 캡 올리브"", ""맨즈 허리케인 xlt2 / 1019234-cdol"", ""round pocket shorts khaki"", ""지제 스톤 043391"", ""크라우 와이드 카고 벌룬팬츠 카키 yhlp2284"", ""오리지널 로우 캡 올리브"", ""트윌 토트백 olive"", ""cardigan s/s shirts khaki"", ""2 way canvas leather cross bag-ivory"", 
""맨즈 오리지널 도라도 / 1110640-dol"", ""unlined denim vest"", ""banding denim half-p dark indigo"", ""cotton crinkie cross bag (ivory)"", ""척 70 빈티지 캔버스 썬플라워 162054c"", ""오리지널 카모 로고 티셔츠 화이트"", ""casual two tuck pants brown"", ""black newsboy cap 뉴스보이캡"", ""wg basic bracelet (ivory)"", ""스트링 크로스백 750 black"", ""슈프림 nfl 레이더스 47 데님 베스트 카키 / ss19j66-khaki"", ""빅 트위치 로고 티셔츠 버건디"", ""파번 7503 원턱 카고 와이드핏 다크인디고 데님팬츠"", ""오리지널 메탈 버클 플랩 숄더백 블랙"", 
""남자 팀버랜드 6인치 프리미엄 부츠 / 10061-713"", ""crest oxford s/s over shirts beige"", ""로우키 밴딩 쿨 벌룬 팬츠 블랙 cjlp7492"", ""서울컬렉션 성수 블랙"", ""메모리얼 토트 크로스백 (카키)"", ""교토 sfb 페이디드카키 1019721"", ""더블 트위치로고 2pk 반팔셔츠 세이지 그린"", ""bio ivory newsboy cap 뉴스보이캡"", ""오버사이즈드 피그먼트 벌룬 반팔티셔츠 (lightkhaki) mst131"", ""volume easy pants khaki"", ""서울컬렉션 문래 블랙"", ""스트링 크로스백 750 black"", ""구르카 샌들 블랙"", ""1605v 빈티지 메신저백 s black"", ""지제 스톤 043391"", 
""steady balloon snap pants khaki"", ""서울컬렉션 성수 블랙"", ""로코 포켓 와펜 트위치 로고 라지 에코백 베이지"", ""플립플랍 zerovity 탄"", ""line s/s crew neck tee g.blue"", ""린넨 크롭 벌룬팬츠 카키"", ""coolmax stickcap vintage navy"", ""cn tie bag (navy)"", ""필립 로퍼 - black"", ""loop button washed half shirts middle blue"", ""bs linen hunting cap (black)"", ""nylon small travel bag glacier gray"", ""1511 빈티지브라운 로퍼 스니커즈"", ""마드라스 시어서커 셔츠 (브라운)"", ""테이퍼드 와이드 원턱 린넨 팬츠_martine olive"", 
""sv d-ring belt (navy)"", ""보야 플립 슬라이드 / 1019050-bcchp"", ""1960 s/s tee oatmeal"", ""twill balloon pants _ beige"", ""클래식 체크 캠프캡"", ""en gemstone bracelet (beige)"", ""교토 sfb 페이디드카키 1019721"", ""u.o.h.t s/s tee oatmeal"", ""jungle short pants [khaki]"", ""브라운밀 이클립스 천연석팔찌"", ""cotton mini cross bag (navy)"", ""지젤 노카라 셔츠 베이지 hsss2187"", ""easy fatigue pants khaki"", ""paracord bracelet (black+olive drab)"", ""kangaroo 캥거루 미니 사코슈백 (black)"", ""(남성) 뉴포트 h2 - 브라운 그린[kn1020288k2]""
)",NA,NA,NA,NA,NA,NA,NA,NA,NA,NA,NA,NA,NA,NA
"152",NA,"washed-canvas balloon-fit pants (beige)",NA,NA,NA,NA,NA,NA,NA,NA,NA,NA,NA,NA,NA,NA,NA,NA,NA
"153",NA,"relax fit 7 cut easy pants tan",NA,NA,NA,NA,NA,NA,NA,NA,NA,NA,NA,NA,NA,NA,NA,NA,NA
"154",NA,"warm-fleece balloon pants (gray)",NA,NA,NA,NA,NA,NA,NA,NA,NA,NA,NA,NA,NA,NA,NA,NA,NA
"155",NA,"warm-fleece balloon pants (khaki)",NA,NA,NA,NA,NA,NA,NA,NA,NA,NA,NA,NA,NA,NA,NA,NA,NA
"156",NA,"16s banding pants 베이지",NA,NA,NA,NA,NA,NA,NA,NA,NA,NA,NA,NA,NA,NA,NA,NA,NA
"157",NA,"new balloon snap pants for fw beige",NA,NA,NA,NA,NA,NA,NA,NA,NA,NA,NA,NA,NA,NA,NA,NA,NA
"158",NA,"wide officer pants grey olive",NA,NA,NA,NA,NA,NA,NA,NA,NA,NA,NA,NA,NA,NA,NA,NA,NA
"159",NA,"take a hike cargo pants/black",NA,NA,NA,NA,NA,NA,NA,NA,NA,NA,NA,NA,NA,NA,NA,NA,NA
"160",NA,"warm-fleece balloon pants (black)",NA,NA,NA,NA,NA,NA,NA,NA,NA,NA,NA,NA,NA,NA,NA,NA,NA
"161",NA,"fatigue rib army balloon pants - ivory",NA,NA,NA,NA,NA,NA,NA,NA,NA,NA,NA,NA,NA,NA,NA,NA,NA
"162",NA,"french m47 field pants - brown",NA,NA,NA,NA,NA,NA,NA,NA,NA,NA,NA,NA,NA,NA,NA,NA,NA
"163",NA,"relax fit 7 cut easy pants tan",NA,NA,NA,NA,NA,NA,NA,NA,NA,NA,NA,NA,NA,NA,NA,NA,NA
"164",NA,"corduroy curve pants cream beige",NA,NA,NA,NA,NA,NA,NA,NA,NA,NA,NA,NA,NA,NA,NA,NA,NA
"165",NA,"modoo pants 모두바지 코듀로이 (brown)",NA,NA,NA,NA,NA,NA,NA,NA,NA,NA,NA,NA,NA,NA,NA,NA,NA
"166",NA,"nylon balloon pants _ black",NA,NA,NA,NA,NA,NA,NA,NA,NA,NA,NA,NA,NA,NA,NA,NA,NA
"167",NA,"nylon balloon pants _ olive",NA,NA,NA,NA,NA,NA,NA,NA,NA,NA,NA,NA,NA,NA,NA,NA,NA
"168",NA,"corduroy curve pants brown",NA,NA,NA,NA,NA,NA,NA,NA,NA,NA,NA,NA,NA,NA,NA,NA,NA
"169",NA,"jungle cloth basic chino pants khaki",NA,NA,NA,NA,NA,NA,NA,NA,NA,NA,NA,NA,NA,NA,NA,NA,NA
"170",NA,"relax fit 7 cut easy pants tan",NA,NA,NA,NA,NA,NA,NA,NA,NA,NA,NA,NA,NA,NA,NA,NA,NA
"171",NA,"washed-canvas balloon-fit pants (beige)",NA,NA,NA,NA,NA,NA,NA,NA,NA,NA,NA,NA,NA,NA,NA,NA,NA
"172",NA,"corduroy balloon pants _ beige",NA,NA,NA,NA,NA,NA,NA,NA,NA,NA,NA,NA,NA,NA,NA,NA,NA
"173",NA,"포켓 스트링 팬츠 pocket string pants",NA,NA,NA,NA,NA,NA,NA,NA,NA,NA,NA,NA,NA,NA,NA,NA,NA
"174",NA,"corduroy balloon pants _ beige",NA,NA,NA,NA,NA,NA,NA,NA,NA,NA,NA,NA,NA,NA,NA,NA,NA
"175",NA,"steady balloon snap pants khaki",NA,NA,NA,NA,NA,NA,NA,NA,NA,NA,NA,NA,NA,NA,NA,NA,NA
"176",NA,"utility ripstop pants khaki",NA,NA,NA,NA,NA,NA,NA,NA,NA,NA,NA,NA,NA,NA,NA,NA,NA
"177",NA,"british army pants olive",NA,NA,NA,NA,NA,NA,NA,NA,NA,NA,NA,NA,NA,NA,NA,NA,NA
"178",NA,"us m-65 field pants - olive",NA,NA,NA,NA,NA,NA,NA,NA,NA,NA,NA,NA,NA,NA,NA,NA,NA
"179",NA,"6pocket jungle pants [khaki] ver.4",NA,NA,NA,NA,NA,NA,NA,NA,NA,NA,NA,NA,NA,NA,NA,NA,NA
"180",NA,"twill balloon pants _ beige",NA,NA,NA,NA,NA,NA,NA,NA,NA,NA,NA,NA,NA,NA,NA,NA,NA
"181",NA,"steady balloon snap pants khaki",NA,NA,NA,NA,NA,NA,NA,NA,NA,NA,NA,NA,NA,NA,NA,NA,NA
"182",NA,"two tuck linen pants cream beige",NA,NA,NA,NA,NA,NA,NA,NA,NA,NA,NA,NA,NA,NA,NA,NA,NA
"183",NA,"steady balloon snap pants khaki",NA,NA,NA,NA,NA,NA,NA,NA,NA,NA,NA,NA,NA,NA,NA,NA,NA
"184",NA,"[오리지널스]wide fit two tuck selvage denim pants_indigo",NA,NA,NA,NA,NA,NA,NA,NA,NA,NA,NA,NA,NA,NA,NA,NA,NA
"185",NA,"steady balloon snap pants khaki",NA,NA,NA,NA,NA,NA,NA,NA,NA,NA,NA,NA,NA,NA,NA,NA,NA
"186",NA,"twill balloon pants _ olive",NA,NA,NA,NA,NA,NA,NA,NA,NA,NA,NA,NA,NA,NA,NA,NA,NA
"187",NA,"m51 short pants khaki",NA,NA,NA,NA,NA,NA,NA,NA,NA,NA,NA,NA,NA,NA,NA,NA,NA
"188",NA,"cotton fatigue pants regular fit beige",NA,NA,NA,NA,NA,NA,NA,NA,NA,NA,NA,NA,NA,NA,NA,NA,NA
"189",NA,"casual two tuck pants brown",NA,NA,NA,NA,NA,NA,NA,NA,NA,NA,NA,NA,NA,NA,NA,NA,NA
"190",NA,"volume easy pants khaki",NA,NA,NA,NA,NA,NA,NA,NA,NA,NA,NA,NA,NA,NA,NA,NA,NA
"191",NA,"steady balloon snap pants khaki",NA,NA,NA,NA,NA,NA,NA,NA,NA,NA,NA,NA,NA,NA,NA,NA,NA
"192",NA,"twill balloon pants _ beige",NA,NA,NA,NA,NA,NA,NA,NA,NA,NA,NA,NA,NA,NA,NA,NA,NA
"193",NA,"jungle short pants [khaki]",NA,NA,NA,NA,NA,NA,NA,NA,NA,NA,NA,NA,NA,NA,NA,NA,NA
"194",NA,"easy fatigue pants khaki",NA,NA,NA,NA,NA,NA,NA,NA,NA,NA,NA,NA,NA,NA,NA,NA,NA
